athlete_id,division_id,division_name,target_percentile,overall_rank,performance_percentile,window_start_rank,window_end_rank,http_status,fetch_source,benchmark_stat_count,parsed_at
1295120,1,Men,75,31764,75.0118,31764,31794,200,cache,0,2026-07-12T18:12:56.197977+00:00
2298006,1,Men,75,31765,75.0110,31764,31794,200,cache,6,2026-07-12T18:12:56.197977+00:00
286346,1,Men,75,31766,75.0102,31764,31794,200,cache,0,2026-07-12T18:12:56.197977+00:00
2245577,1,Men,75,31767,75.0094,31764,31794,200,cache,0,2026-07-12T18:12:56.197977+00:00
2790198,1,Men,75,31768,75.0087,31764,31794,200,cache,0,2026-07-12T18:12:56.197977+00:00
1285677,1,Men,75,31769,75.0079,31764,31794,200,cache,0,2026-07-12T18:12:56.197977+00:00
2973648,1,Men,75,31771,75.0063,31764,31794,200,cache,0,2026-07-12T18:12:56.197977+00:00
2688273,1,Men,75,31772,75.0055,31764,31794,200,cache,0,2026-07-12T18:12:56.197977+00:00
2957385,1,Men,75,31773,75.0047,31764,31794,200,cache,0,2026-07-12T18:12:56.197977+00:00
2182415,1,Men,75,31774,75.0039,31764,31794,200,cache,0,2026-07-12T18:12:56.197977+00:00
1738380,1,Men,75,31775,75.0031,31764,31794,200,cache,0,2026-07-12T18:12:56.197977+00:00
1043956,1,Men,75,31776,75.0024,31764,31794,200,cache,6,2026-07-12T18:12:56.197977+00:00
2421427,1,Men,75,31777,75.0016,31764,31794,200,cache,11,2026-07-12T18:12:56.197977+00:00
2490463,1,Men,75,31778,75.0008,31764,31794,200,cache,0,2026-07-12T18:12:56.197977+00:00
2767633,1,Men,75,31779,75.0000,31764,31794,200,cache,8,2026-07-12T18:12:56.197977+00:00
148036,1,Men,75,31780,74.9992,31764,31794,200,cache,0,2026-07-12T18:12:56.197977+00:00
2835259,1,Men,75,31781,74.9984,31764,31794,200,cache,6,2026-07-12T18:12:56.197977+00:00
2868690,1,Men,75,31782,74.9976,31764,31794,200,cache,0,2026-07-12T18:12:56.197977+00:00
2756875,1,Men,75,31785,74.9953,31764,31794,200,cache,0,2026-07-12T18:12:56.197977+00:00
2260868,1,Men,75,31786,74.9945,31764,31794,200,cache,6,2026-07-12T18:12:56.197977+00:00
2556755,1,Men,75,31788,74.9929,31764,31794,200,cache,7,2026-07-12T18:12:56.197977+00:00
2782635,1,Men,75,31789,74.9921,31764,31794,200,cache,2,2026-07-12T18:12:56.197977+00:00
2434142,1,Men,75,31790,74.9913,31764,31794,200,cache,0,2026-07-12T18:12:56.197977+00:00
1023441,1,Men,75,31792,74.9898,31764,31794,200,cache,20,2026-07-12T18:12:56.197977+00:00
958301,1,Men,75,31793,74.9890,31764,31794,200,cache,0,2026-07-12T18:12:56.197977+00:00
680787,1,Men,75,31794,74.9882,31764,31794,200,cache,10,2026-07-12T18:12:56.197977+00:00
1649161,1,Men,80,25408,80.0121,25408,25438,200,cache,8,2026-07-12T18:12:56.197977+00:00
2687462,1,Men,80,25409,80.0113,25408,25438,200,cache,0,2026-07-12T18:12:56.197977+00:00
2297013,1,Men,80,25410,80.0105,25408,25438,200,cache,0,2026-07-12T18:12:56.197977+00:00
897209,1,Men,80,25412,80.0090,25408,25438,200,cache,9,2026-07-12T18:12:56.197977+00:00
2186056,1,Men,80,25413,80.0082,25408,25438,200,cache,0,2026-07-12T18:12:56.197977+00:00
2981943,1,Men,80,25414,80.0074,25408,25438,200,cache,0,2026-07-12T18:12:56.197977+00:00
2925768,1,Men,80,25415,80.0066,25408,25438,200,cache,0,2026-07-12T18:12:56.197977+00:00
575548,1,Men,80,25417,80.0050,25408,25438,200,cache,0,2026-07-12T18:12:56.197977+00:00
2617821,1,Men,80,25418,80.0042,25408,25438,200,cache,0,2026-07-12T18:12:56.197977+00:00
2483851,1,Men,80,25419,80.0035,25408,25438,200,cache,0,2026-07-12T18:12:56.197977+00:00
305707,1,Men,80,25421,80.0019,25408,25438,200,cache,0,2026-07-12T18:12:56.197977+00:00
2095175,1,Men,80,25422,80.0011,25408,25438,200,cache,37,2026-07-12T18:12:56.197977+00:00
2738185,1,Men,80,25423,80.0003,25408,25438,200,cache,19,2026-07-12T18:12:56.197977+00:00
1977557,1,Men,80,25424,79.9995,25408,25438,200,cache,61,2026-07-12T18:12:56.197977+00:00
2097879,1,Men,80,25425,79.9987,25408,25438,200,cache,17,2026-07-12T18:12:56.197977+00:00
2216298,1,Men,80,25426,79.9980,25408,25438,200,cache,5,2026-07-12T18:12:56.197977+00:00
2496629,1,Men,80,25428,79.9964,25408,25438,200,cache,0,2026-07-12T18:12:56.197977+00:00
1225545,1,Men,80,25430,79.9948,25408,25438,200,cache,0,2026-07-12T18:12:56.197977+00:00
2806739,1,Men,80,25431,79.9940,25408,25438,200,cache,0,2026-07-12T18:12:56.197977+00:00
2662841,1,Men,80,25432,79.9932,25408,25438,200,cache,0,2026-07-12T18:12:56.197977+00:00
948881,1,Men,80,25435,79.9909,25408,25438,200,cache,0,2026-07-12T18:12:56.197977+00:00
1976363,1,Men,80,25436,79.9901,25408,25438,200,cache,0,2026-07-12T18:12:56.197977+00:00
1988749,1,Men,80,25437,79.9893,25408,25438,200,cache,18,2026-07-12T18:12:56.197977+00:00
1193595,1,Men,80,25438,79.9885,25408,25438,200,cache,0,2026-07-12T18:12:56.197977+00:00
1838141,1,Men,85,19051,85.0132,19051,19081,200,cache,0,2026-07-12T18:12:56.197977+00:00
1970736,1,Men,85,19052,85.0124,19051,19081,200,cache,4,2026-07-12T18:12:56.197977+00:00
2267118,1,Men,85,19053,85.0116,19051,19081,200,cache,0,2026-07-12T18:12:56.197977+00:00
887905,1,Men,85,19054,85.0109,19051,19081,200,cache,0,2026-07-12T18:12:56.197977+00:00
1218631,1,Men,85,19055,85.0101,19051,19081,200,cache,5,2026-07-12T18:12:56.197977+00:00
1700319,1,Men,85,19056,85.0093,19051,19081,200,cache,0,2026-07-12T18:12:56.197977+00:00
2234400,1,Men,85,19057,85.0085,19051,19081,200,cache,0,2026-07-12T18:12:56.197977+00:00
2921370,1,Men,85,19058,85.0077,19051,19081,200,cache,0,2026-07-12T18:12:56.197977+00:00
2918859,1,Men,85,19059,85.0069,19051,19081,200,cache,0,2026-07-12T18:12:56.197977+00:00
2392642,1,Men,85,19060,85.0061,19051,19081,200,cache,0,2026-07-12T18:12:56.197977+00:00
2955583,1,Men,85,19061,85.0053,19051,19081,200,cache,0,2026-07-12T18:12:56.197977+00:00
1790082,1,Men,85,19062,85.0046,19051,19081,200,cache,1,2026-07-12T18:12:56.197977+00:00
2985422,1,Men,85,19064,85.0030,19051,19081,200,cache,0,2026-07-12T18:12:56.197977+00:00
2187625,1,Men,85,19065,85.0022,19051,19081,200,cache,6,2026-07-12T18:12:56.197977+00:00
2624967,1,Men,85,19066,85.0014,19051,19081,200,cache,0,2026-07-12T18:12:56.197977+00:00
2195988,1,Men,85,19068,84.9998,19051,19081,200,cache,5,2026-07-12T18:12:56.197977+00:00
1269977,1,Men,85,19069,84.9991,19051,19081,200,cache,5,2026-07-12T18:12:56.197977+00:00
2240512,1,Men,85,19070,84.9983,19051,19081,200,cache,0,2026-07-12T18:12:56.197977+00:00
2638182,1,Men,85,19072,84.9967,19051,19081,200,cache,0,2026-07-12T18:12:56.197977+00:00
714716,1,Men,85,19073,84.9959,19051,19081,200,cache,1,2026-07-12T18:12:56.197977+00:00
2783531,1,Men,85,19074,84.9951,19051,19081,200,cache,0,2026-07-12T18:12:56.197977+00:00
1329702,1,Men,85,19075,84.9943,19051,19081,200,cache,2,2026-07-12T18:12:56.197977+00:00
2608743,1,Men,85,19076,84.9935,19051,19081,200,cache,13,2026-07-12T18:12:56.197977+00:00
232669,1,Men,85,19077,84.9928,19051,19081,200,cache,12,2026-07-12T18:12:56.197977+00:00
2380604,1,Men,85,19078,84.9920,19051,19081,200,cache,6,2026-07-12T18:12:56.197977+00:00
2155262,1,Men,85,19079,84.9912,19051,19081,200,cache,10,2026-07-12T18:12:56.197977+00:00
2822159,1,Men,85,19080,84.9904,19051,19081,200,cache,0,2026-07-12T18:12:56.197977+00:00
1816280,1,Men,90,12697,90.0120,12697,12727,200,cache,21,2026-07-12T18:12:56.197977+00:00
2662024,1,Men,90,12699,90.0104,12697,12727,200,cache,0,2026-07-12T18:12:56.197977+00:00
743607,1,Men,90,12700,90.0096,12697,12727,200,cache,8,2026-07-12T18:12:56.197977+00:00
1226178,1,Men,90,12701,90.0088,12697,12727,200,cache,10,2026-07-12T18:12:56.197977+00:00
1828961,1,Men,90,12702,90.0080,12697,12727,200,cache,0,2026-07-12T18:12:56.197977+00:00
2102982,1,Men,90,12703,90.0072,12697,12727,200,cache,0,2026-07-12T18:12:56.197977+00:00
2004645,1,Men,90,12704,90.0065,12697,12727,200,cache,0,2026-07-12T18:12:56.197977+00:00
2226784,1,Men,90,12706,90.0049,12697,12727,200,cache,3,2026-07-12T18:12:56.197977+00:00
279805,1,Men,90,12707,90.0041,12697,12727,200,cache,8,2026-07-12T18:12:56.197977+00:00
2118950,1,Men,90,12708,90.0033,12697,12727,200,cache,1,2026-07-12T18:12:56.197977+00:00
2287789,1,Men,90,12709,90.0025,12697,12727,200,cache,0,2026-07-12T18:12:56.197977+00:00
1028208,1,Men,90,12710,90.0017,12697,12727,200,cache,0,2026-07-12T18:12:56.197977+00:00
316733,1,Men,90,12712,90.0002,12697,12727,200,cache,15,2026-07-12T18:12:56.197977+00:00
2683195,1,Men,90,12713,89.9994,12697,12727,200,cache,0,2026-07-12T18:12:56.197977+00:00
2183814,1,Men,90,12714,89.9986,12697,12727,200,cache,0,2026-07-12T18:12:56.197977+00:00
1260646,1,Men,90,12715,89.9978,12697,12727,200,cache,0,2026-07-12T18:12:56.197977+00:00
308493,1,Men,90,12717,89.9962,12697,12727,200,cache,7,2026-07-12T18:12:56.197977+00:00
1320511,1,Men,90,12718,89.9954,12697,12727,200,cache,0,2026-07-12T18:12:56.197977+00:00
501728,1,Men,90,12719,89.9947,12697,12727,200,cache,7,2026-07-12T18:12:56.197977+00:00
1616264,1,Men,90,12720,89.9939,12697,12727,200,cache,19,2026-07-12T18:12:56.197977+00:00
1790977,1,Men,90,12721,89.9931,12697,12727,200,cache,0,2026-07-12T18:12:56.197977+00:00
2221019,1,Men,90,12722,89.9923,12697,12727,200,cache,0,2026-07-12T18:12:56.197977+00:00
1001751,1,Men,90,12723,89.9915,12697,12727,200,cache,0,2026-07-12T18:12:56.197977+00:00
2744805,1,Men,90,12724,89.9907,12697,12727,200,cache,1,2026-07-12T18:12:56.197977+00:00
2803188,1,Men,90,12725,89.9899,12697,12727,200,cache,0,2026-07-12T18:12:56.197977+00:00
2617899,1,Men,90,12727,89.9884,12697,12727,200,cache,15,2026-07-12T18:12:56.197977+00:00
2218516,1,Men,95,6341,95.0123,6341,6371,200,cache,7,2026-07-12T18:12:56.197977+00:00
1244548,1,Men,95,6342,95.0115,6341,6371,200,cache,4,2026-07-12T18:12:56.197977+00:00
2183848,1,Men,95,6343,95.0107,6341,6371,200,cache,9,2026-07-12T18:12:56.197977+00:00
2231278,1,Men,95,6344,95.0099,6341,6371,200,cache,0,2026-07-12T18:12:56.197977+00:00
1225663,1,Men,95,6345,95.0091,6341,6371,200,cache,10,2026-07-12T18:12:56.197977+00:00
2657637,1,Men,95,6346,95.0083,6341,6371,200,cache,10,2026-07-12T18:12:56.197977+00:00
2156322,1,Men,95,6347,95.0076,6341,6371,200,cache,4,2026-07-12T18:12:56.197977+00:00
710327,1,Men,95,6348,95.0068,6341,6371,200,cache,10,2026-07-12T18:12:56.197977+00:00
1911128,1,Men,95,6349,95.0060,6341,6371,200,cache,1,2026-07-12T18:12:56.197977+00:00
1535120,1,Men,95,6350,95.0052,6341,6371,200,cache,21,2026-07-12T18:12:56.197977+00:00
2085139,1,Men,95,6351,95.0044,6341,6371,200,cache,4,2026-07-12T18:12:56.197977+00:00
451580,1,Men,95,6352,95.0036,6341,6371,200,cache,0,2026-07-12T18:12:56.197977+00:00
642936,1,Men,95,6353,95.0028,6341,6371,200,cache,23,2026-07-12T18:12:56.197977+00:00
1765782,1,Men,95,6354,95.0020,6341,6371,200,cache,0,2026-07-12T18:12:56.197977+00:00
586010,1,Men,95,6355,95.0013,6341,6371,200,cache,6,2026-07-12T18:12:56.197977+00:00
1603766,1,Men,95,6356,95.0005,6341,6371,200,cache,5,2026-07-12T18:12:56.197977+00:00
731465,1,Men,95,6357,94.9997,6341,6371,200,cache,6,2026-07-12T18:12:56.197977+00:00
1414222,1,Men,95,6358,94.9989,6341,6371,200,cache,0,2026-07-12T18:12:56.197977+00:00
2481443,1,Men,95,6359,94.9981,6341,6371,200,cache,7,2026-07-12T18:12:56.197977+00:00
2223800,1,Men,95,6361,94.9965,6341,6371,200,cache,0,2026-07-12T18:12:56.197977+00:00
1965634,1,Men,95,6363,94.9950,6341,6371,200,cache,17,2026-07-12T18:12:56.197977+00:00
2379084,1,Men,95,6364,94.9942,6341,6371,200,cache,1,2026-07-12T18:12:56.197977+00:00
2430752,1,Men,95,6366,94.9926,6341,6371,200,cache,6,2026-07-12T18:12:56.197977+00:00
1980164,1,Men,95,6367,94.9918,6341,6371,200,cache,0,2026-07-12T18:12:56.197977+00:00
750845,1,Men,95,6369,94.9902,6341,6371,200,cache,0,2026-07-12T18:12:56.197977+00:00
2635633,1,Men,95,6370,94.9895,6341,6371,200,cache,0,2026-07-12T18:12:56.197977+00:00
2807003,1,Men,95,6371,94.9887,6341,6371,200,cache,0,2026-07-12T18:12:56.197977+00:00
2289209,1,Men,99,1257,99.0119,1257,1287,200,cache,0,2026-07-12T18:12:56.197977+00:00
743979,1,Men,99,1258,99.0111,1257,1287,200,cache,0,2026-07-12T18:12:56.197977+00:00
695961,1,Men,99,1259,99.0103,1257,1287,200,cache,18,2026-07-12T18:12:56.197977+00:00
2637623,1,Men,99,1260,99.0095,1257,1287,200,cache,0,2026-07-12T18:12:56.197977+00:00
169360,1,Men,99,1261,99.0087,1257,1287,200,cache,9,2026-07-12T18:12:56.197977+00:00
2302577,1,Men,99,1262,99.0080,1257,1287,200,cache,0,2026-07-12T18:12:56.197977+00:00
1208006,1,Men,99,1263,99.0072,1257,1287,200,cache,0,2026-07-12T18:12:56.197977+00:00
2402190,1,Men,99,1264,99.0064,1257,1287,200,cache,0,2026-07-12T18:12:56.197977+00:00
459811,1,Men,99,1265,99.0056,1257,1287,200,cache,5,2026-07-12T18:12:56.197977+00:00
291802,1,Men,99,1266,99.0048,1257,1287,200,cache,9,2026-07-12T18:12:56.197977+00:00
1145631,1,Men,99,1267,99.0040,1257,1287,200,cache,8,2026-07-12T18:12:56.197977+00:00
1955592,1,Men,99,1268,99.0032,1257,1287,200,cache,6,2026-07-12T18:12:56.197977+00:00
974750,1,Men,99,1269,99.0025,1257,1287,200,cache,6,2026-07-12T18:12:56.197977+00:00
1249248,1,Men,99,1270,99.0017,1257,1287,200,cache,0,2026-07-12T18:12:56.197977+00:00
1075244,1,Men,99,1271,99.0009,1257,1287,200,cache,22,2026-07-12T18:12:56.197977+00:00
2512847,1,Men,99,1272,99.0001,1257,1287,200,cache,0,2026-07-12T18:12:56.197977+00:00
2000048,1,Men,99,1273,98.9993,1257,1287,200,cache,6,2026-07-12T18:12:56.197977+00:00
2532799,1,Men,99,1275,98.9977,1257,1287,200,cache,0,2026-07-12T18:12:56.197977+00:00
1938473,1,Men,99,1276,98.9969,1257,1287,200,cache,0,2026-07-12T18:12:56.197977+00:00
1191690,1,Men,99,1277,98.9962,1257,1287,200,cache,14,2026-07-12T18:12:56.197977+00:00
668769,1,Men,99,1278,98.9954,1257,1287,200,cache,12,2026-07-12T18:12:56.197977+00:00
470496,1,Men,99,1279,98.9946,1257,1287,200,cache,3,2026-07-12T18:12:56.197977+00:00
2006228,1,Men,99,1280,98.9938,1257,1287,200,cache,5,2026-07-12T18:12:56.197977+00:00
1324125,1,Men,99,1281,98.9930,1257,1287,200,cache,7,2026-07-12T18:12:56.197977+00:00
2792124,1,Men,99,1282,98.9922,1257,1287,200,cache,0,2026-07-12T18:12:56.197977+00:00
5232,1,Men,99,1283,98.9914,1257,1287,200,cache,8,2026-07-12T18:12:56.197977+00:00
1232543,1,Men,99,1284,98.9907,1257,1287,200,cache,6,2026-07-12T18:12:56.197977+00:00
885340,1,Men,99,1285,98.9899,1257,1287,200,cache,6,2026-07-12T18:12:56.197977+00:00
467139,1,Men,99,1286,98.9891,1257,1287,200,cache,7,2026-07-12T18:12:56.197977+00:00
613899,18,Men 35-39,75,7278,75.0531,7278,7308,200,cache,0,2026-07-12T18:12:56.197977+00:00
2829641,18,Men 35-39,75,7279,75.0497,7278,7308,200,cache,0,2026-07-12T18:12:56.197977+00:00
1021248,18,Men 35-39,75,7280,75.0463,7278,7308,200,cache,12,2026-07-12T18:12:56.197977+00:00
535653,18,Men 35-39,75,7281,75.0429,7278,7308,200,cache,0,2026-07-12T18:12:56.197977+00:00
2935054,18,Men 35-39,75,7283,75.0360,7278,7308,200,cache,0,2026-07-12T18:12:56.197977+00:00
2918879,18,Men 35-39,75,7284,75.0326,7278,7308,200,cache,0,2026-07-12T18:12:56.197977+00:00
515979,18,Men 35-39,75,7286,75.0257,7278,7308,200,cache,0,2026-07-12T18:12:56.197977+00:00
2546818,18,Men 35-39,75,7287,75.0223,7278,7308,200,cache,22,2026-07-12T18:12:56.197977+00:00
2238871,18,Men 35-39,75,7288,75.0189,7278,7308,200,cache,0,2026-07-12T18:12:56.197977+00:00
760501,18,Men 35-39,75,7289,75.0154,7278,7308,200,cache,7,2026-07-12T18:12:56.197977+00:00
2496566,18,Men 35-39,75,7290,75.0120,7278,7308,200,cache,0,2026-07-12T18:12:56.197977+00:00
2921156,18,Men 35-39,75,7291,75.0086,7278,7308,200,cache,0,2026-07-12T18:12:56.197977+00:00
875933,18,Men 35-39,75,7293,75.0017,7278,7308,200,cache,12,2026-07-12T18:12:56.197977+00:00
751805,18,Men 35-39,75,7294,74.9983,7278,7308,200,cache,7,2026-07-12T18:12:56.197977+00:00
2053549,18,Men 35-39,75,7295,74.9949,7278,7308,200,cache,8,2026-07-12T18:12:56.197977+00:00
2198442,18,Men 35-39,75,7296,74.9914,7278,7308,200,cache,0,2026-07-12T18:12:56.197977+00:00
690918,18,Men 35-39,75,7297,74.9880,7278,7308,200,cache,13,2026-07-12T18:12:56.197977+00:00
2619065,18,Men 35-39,75,7298,74.9846,7278,7308,200,cache,0,2026-07-12T18:12:56.197977+00:00
1343252,18,Men 35-39,75,7299,74.9811,7278,7308,200,cache,4,2026-07-12T18:12:56.197977+00:00
2793005,18,Men 35-39,75,7300,74.9777,7278,7308,200,cache,2,2026-07-12T18:12:56.197977+00:00
2260164,18,Men 35-39,75,7301,74.9743,7278,7308,200,cache,6,2026-07-12T18:12:56.197977+00:00
2979801,18,Men 35-39,75,7302,74.9709,7278,7308,200,cache,0,2026-07-12T18:12:56.197977+00:00
915586,18,Men 35-39,75,7303,74.9674,7278,7308,200,cache,0,2026-07-12T18:12:56.197977+00:00
2784339,18,Men 35-39,75,7304,74.9640,7278,7308,200,cache,0,2026-07-12T18:12:56.197977+00:00
1633042,18,Men 35-39,75,7306,74.9571,7278,7308,200,cache,1,2026-07-12T18:12:56.197977+00:00
1813656,18,Men 35-39,75,7307,74.9537,7278,7308,200,cache,0,2026-07-12T18:12:56.197977+00:00
2902237,18,Men 35-39,75,7308,74.9503,7278,7308,200,cache,1,2026-07-12T18:12:56.197977+00:00
2418642,18,Men 35-39,80,5819,80.0549,5819,5849,200,cache,0,2026-07-12T18:12:56.197977+00:00
1998386,18,Men 35-39,80,5821,80.0480,5819,5849,200,cache,8,2026-07-12T18:12:56.197977+00:00
1623875,18,Men 35-39,80,5822,80.0446,5819,5849,200,cache,0,2026-07-12T18:12:56.197977+00:00
2346356,18,Men 35-39,80,5823,80.0411,5819,5849,200,cache,0,2026-07-12T18:12:56.197977+00:00
37411,18,Men 35-39,80,5824,80.0377,5819,5849,200,cache,0,2026-07-12T18:12:56.197977+00:00
1744054,18,Men 35-39,80,5825,80.0343,5819,5849,200,cache,9,2026-07-12T18:12:56.197977+00:00
683611,18,Men 35-39,80,5826,80.0309,5819,5849,200,cache,10,2026-07-12T18:12:56.197977+00:00
2184359,18,Men 35-39,80,5827,80.0274,5819,5849,200,cache,0,2026-07-12T18:12:56.197977+00:00
2396638,18,Men 35-39,80,5828,80.0240,5819,5849,200,cache,8,2026-07-12T18:12:56.197977+00:00
1999971,18,Men 35-39,80,5829,80.0206,5819,5849,200,cache,4,2026-07-12T18:12:56.197977+00:00
2782923,18,Men 35-39,80,5830,80.0171,5819,5849,200,cache,0,2026-07-12T18:12:56.197977+00:00
7774,18,Men 35-39,80,5831,80.0137,5819,5849,200,cache,12,2026-07-12T18:12:56.197977+00:00
1256478,18,Men 35-39,80,5832,80.0103,5819,5849,200,cache,0,2026-07-12T18:12:56.197977+00:00
2915343,18,Men 35-39,80,5833,80.0069,5819,5849,200,cache,0,2026-07-12T18:12:56.197977+00:00
2504711,18,Men 35-39,80,5834,80.0034,5819,5849,200,cache,3,2026-07-12T18:12:56.197977+00:00
2623901,18,Men 35-39,80,5836,79.9966,5819,5849,200,cache,0,2026-07-12T18:12:56.197977+00:00
2783516,18,Men 35-39,80,5837,79.9931,5819,5849,200,cache,0,2026-07-12T18:12:56.197977+00:00
936090,18,Men 35-39,80,5838,79.9897,5819,5849,200,cache,0,2026-07-12T18:12:56.197977+00:00
1275900,18,Men 35-39,80,5840,79.9829,5819,5849,200,cache,15,2026-07-12T18:12:56.197977+00:00
2719955,18,Men 35-39,80,5841,79.9794,5819,5849,200,cache,0,2026-07-12T18:12:56.197977+00:00
2830368,18,Men 35-39,80,5842,79.9760,5819,5849,200,cache,0,2026-07-12T18:12:56.197977+00:00
2056867,18,Men 35-39,80,5844,79.9691,5819,5849,200,cache,0,2026-07-12T18:12:56.197977+00:00
1919484,18,Men 35-39,80,5845,79.9657,5819,5849,200,cache,0,2026-07-12T18:12:56.197977+00:00
2167335,18,Men 35-39,80,5846,79.9623,5819,5849,200,cache,3,2026-07-12T18:12:56.197977+00:00
719473,18,Men 35-39,80,5847,79.9589,5819,5849,200,cache,0,2026-07-12T18:12:56.197977+00:00
1878934,18,Men 35-39,80,5848,79.9554,5819,5849,200,cache,7,2026-07-12T18:12:56.197977+00:00
1984718,18,Men 35-39,80,5849,79.9520,5819,5849,200,cache,22,2026-07-12T18:12:56.197977+00:00
2962410,18,Men 35-39,85,4360,85.0566,4360,4390,200,cache,0,2026-07-12T18:12:56.197977+00:00
1022859,18,Men 35-39,85,4361,85.0531,4360,4390,200,cache,0,2026-07-12T18:12:56.197977+00:00
122893,18,Men 35-39,85,4363,85.0463,4360,4390,200,cache,10,2026-07-12T18:12:56.197977+00:00
2693511,18,Men 35-39,85,4364,85.0429,4360,4390,200,cache,2,2026-07-12T18:12:56.197977+00:00
1947406,18,Men 35-39,85,4365,85.0394,4360,4390,200,cache,0,2026-07-12T18:12:56.197977+00:00
2423515,18,Men 35-39,85,4366,85.0360,4360,4390,200,cache,0,2026-07-12T18:12:56.197977+00:00
953808,18,Men 35-39,85,4369,85.0257,4360,4390,200,cache,23,2026-07-12T18:12:56.197977+00:00
2234429,18,Men 35-39,85,4370,85.0223,4360,4390,200,cache,0,2026-07-12T18:12:56.197977+00:00
563990,18,Men 35-39,85,4371,85.0189,4360,4390,200,cache,0,2026-07-12T18:12:56.197977+00:00
985780,18,Men 35-39,85,4372,85.0154,4360,4390,200,cache,9,2026-07-12T18:12:56.197977+00:00
1407003,18,Men 35-39,85,4373,85.0120,4360,4390,200,cache,8,2026-07-12T18:12:56.197977+00:00
2339565,18,Men 35-39,85,4375,85.0051,4360,4390,200,cache,8,2026-07-12T18:12:56.197977+00:00
233776,18,Men 35-39,85,4377,84.9983,4360,4390,200,cache,7,2026-07-12T18:12:56.197977+00:00
2256086,18,Men 35-39,85,4378,84.9949,4360,4390,200,cache,4,2026-07-12T18:12:56.197977+00:00
2493453,18,Men 35-39,85,4379,84.9914,4360,4390,200,cache,6,2026-07-12T18:12:56.197977+00:00
2496915,18,Men 35-39,85,4380,84.9880,4360,4390,200,cache,4,2026-07-12T18:12:56.197977+00:00
1974879,18,Men 35-39,85,4382,84.9811,4360,4390,200,cache,4,2026-07-12T18:12:56.197977+00:00
233594,18,Men 35-39,85,4385,84.9709,4360,4390,200,cache,0,2026-07-12T18:12:56.197977+00:00
457789,18,Men 35-39,85,4386,84.9674,4360,4390,200,cache,8,2026-07-12T18:12:56.197977+00:00
813338,18,Men 35-39,85,4387,84.9640,4360,4390,200,cache,10,2026-07-12T18:12:56.197977+00:00
2604300,18,Men 35-39,85,4388,84.9606,4360,4390,200,cache,0,2026-07-12T18:12:56.197977+00:00
1302627,18,Men 35-39,85,4389,84.9571,4360,4390,200,cache,0,2026-07-12T18:12:56.197977+00:00
702282,18,Men 35-39,85,4390,84.9537,4360,4390,200,cache,0,2026-07-12T18:12:56.197977+00:00
2967117,18,Men 35-39,90,2903,90.0514,2903,2933,200,cache,0,2026-07-12T18:12:56.197977+00:00
501728,18,Men 35-39,90,2905,90.0446,2903,2933,200,cache,7,2026-07-12T18:12:56.197977+00:00
1153738,18,Men 35-39,90,2906,90.0411,2903,2933,200,cache,7,2026-07-12T18:12:56.197977+00:00
2442964,18,Men 35-39,90,2908,90.0343,2903,2933,200,cache,0,2026-07-12T18:12:56.197977+00:00
469903,18,Men 35-39,90,2909,90.0309,2903,2933,200,cache,0,2026-07-12T18:12:56.197977+00:00
2468339,18,Men 35-39,90,2910,90.0274,2903,2933,200,cache,0,2026-07-12T18:12:56.197977+00:00
1994410,18,Men 35-39,90,2911,90.0240,2903,2933,200,cache,11,2026-07-12T18:12:56.197977+00:00
344523,18,Men 35-39,90,2912,90.0206,2903,2933,200,cache,0,2026-07-12T18:12:56.197977+00:00
668340,18,Men 35-39,90,2913,90.0171,2903,2933,200,cache,6,2026-07-12T18:12:56.197977+00:00
2687697,18,Men 35-39,90,2915,90.0103,2903,2933,200,cache,0,2026-07-12T18:12:56.197977+00:00
43633,18,Men 35-39,90,2917,90.0034,2903,2933,200,cache,0,2026-07-12T18:12:56.197977+00:00
395109,18,Men 35-39,90,2918,90.0000,2903,2933,200,cache,0,2026-07-12T18:12:56.197977+00:00
1493465,18,Men 35-39,90,2919,89.9966,2903,2933,200,cache,8,2026-07-12T18:12:56.197977+00:00
2251784,18,Men 35-39,90,2920,89.9931,2903,2933,200,cache,5,2026-07-12T18:12:56.197977+00:00
52618,18,Men 35-39,90,2921,89.9897,2903,2933,200,cache,12,2026-07-12T18:12:56.197977+00:00
1576234,18,Men 35-39,90,2922,89.9863,2903,2933,200,cache,3,2026-07-12T18:12:56.197977+00:00
2931456,18,Men 35-39,90,2925,89.9760,2903,2933,200,cache,0,2026-07-12T18:12:56.197977+00:00
974807,18,Men 35-39,90,2926,89.9726,2903,2933,200,cache,4,2026-07-12T18:12:56.197977+00:00
2021,18,Men 35-39,90,2927,89.9691,2903,2933,200,cache,0,2026-07-12T18:12:56.197977+00:00
2062260,18,Men 35-39,90,2928,89.9657,2903,2933,200,cache,8,2026-07-12T18:12:56.197977+00:00
225749,18,Men 35-39,90,2930,89.9589,2903,2933,200,cache,12,2026-07-12T18:12:56.197977+00:00
1507109,18,Men 35-39,90,2932,89.9520,2903,2933,200,cache,3,2026-07-12T18:12:56.197977+00:00
2940902,18,Men 35-39,90,2933,89.9486,2903,2933,200,cache,14,2026-07-12T18:12:56.197977+00:00
511644,18,Men 35-39,95,1445,95.0497,1444,1474,200,cache,0,2026-07-12T18:12:56.197977+00:00
2784497,18,Men 35-39,95,1446,95.0463,1444,1474,200,cache,0,2026-07-12T18:12:56.197977+00:00
781430,18,Men 35-39,95,1448,95.0394,1444,1474,200,cache,8,2026-07-12T18:12:56.197977+00:00
1032640,18,Men 35-39,95,1449,95.0360,1444,1474,200,cache,0,2026-07-12T18:12:56.197977+00:00
491141,18,Men 35-39,95,1450,95.0326,1444,1474,200,cache,0,2026-07-12T18:12:56.197977+00:00
2344452,18,Men 35-39,95,1451,95.0291,1444,1474,200,cache,0,2026-07-12T18:12:56.197977+00:00
427411,18,Men 35-39,95,1453,95.0223,1444,1474,200,cache,8,2026-07-12T18:12:56.197977+00:00
2805193,18,Men 35-39,95,1454,95.0189,1444,1474,200,cache,0,2026-07-12T18:12:56.197977+00:00
1616534,18,Men 35-39,95,1455,95.0154,1444,1474,200,cache,0,2026-07-12T18:12:56.197977+00:00
501707,18,Men 35-39,95,1456,95.0120,1444,1474,200,cache,11,2026-07-12T18:12:56.197977+00:00
529411,18,Men 35-39,95,1457,95.0086,1444,1474,200,cache,9,2026-07-12T18:12:56.197977+00:00
2246975,18,Men 35-39,95,1458,95.0051,1444,1474,200,cache,37,2026-07-12T18:12:56.197977+00:00
2822000,18,Men 35-39,95,1459,95.0017,1444,1474,200,cache,0,2026-07-12T18:12:56.197977+00:00
2163489,18,Men 35-39,95,1461,94.9949,1444,1474,200,cache,7,2026-07-12T18:12:56.197977+00:00
960944,18,Men 35-39,95,1462,94.9914,1444,1474,200,cache,0,2026-07-12T18:12:56.197977+00:00
55894,18,Men 35-39,95,1464,94.9846,1444,1474,200,cache,11,2026-07-12T18:12:56.197977+00:00
1325725,18,Men 35-39,95,1465,94.9811,1444,1474,200,cache,0,2026-07-12T18:12:56.197977+00:00
1076846,18,Men 35-39,95,1466,94.9777,1444,1474,200,cache,16,2026-07-12T18:12:56.197977+00:00
1913135,18,Men 35-39,95,1467,94.9743,1444,1474,200,cache,6,2026-07-12T18:12:56.197977+00:00
140162,18,Men 35-39,95,1468,94.9709,1444,1474,200,cache,9,2026-07-12T18:12:56.197977+00:00
1757786,18,Men 35-39,95,1469,94.9674,1444,1474,200,cache,11,2026-07-12T18:12:56.197977+00:00
686756,18,Men 35-39,95,1470,94.9640,1444,1474,200,cache,9,2026-07-12T18:12:56.197977+00:00
1044596,18,Men 35-39,95,1471,94.9606,1444,1474,200,cache,6,2026-07-12T18:12:56.197977+00:00
1928429,18,Men 35-39,95,1473,94.9537,1444,1474,200,cache,0,2026-07-12T18:12:56.197977+00:00
1352790,18,Men 35-39,95,1474,94.9503,1444,1474,200,cache,16,2026-07-12T18:12:56.197977+00:00
229351,18,Men 35-39,99,277,99.0538,277,307,200,cache,6,2026-07-12T18:12:56.197977+00:00
845892,18,Men 35-39,99,278,99.0504,277,307,200,cache,0,2026-07-12T18:12:56.197977+00:00
1580957,18,Men 35-39,99,279,99.0470,277,307,200,cache,0,2026-07-12T18:12:56.197977+00:00
264704,18,Men 35-39,99,280,99.0435,277,307,200,cache,9,2026-07-12T18:12:56.197977+00:00
2402323,18,Men 35-39,99,281,99.0401,277,307,200,cache,9,2026-07-12T18:12:56.197977+00:00
867785,18,Men 35-39,99,282,99.0367,277,307,200,cache,6,2026-07-12T18:12:56.197977+00:00
2005224,18,Men 35-39,99,283,99.0333,277,307,200,cache,0,2026-07-12T18:12:56.197977+00:00
26401,18,Men 35-39,99,284,99.0298,277,307,200,cache,8,2026-07-12T18:12:56.197977+00:00
320627,18,Men 35-39,99,285,99.0264,277,307,200,cache,2,2026-07-12T18:12:56.197977+00:00
274875,18,Men 35-39,99,286,99.0230,277,307,200,cache,7,2026-07-12T18:12:56.197977+00:00
870105,18,Men 35-39,99,287,99.0195,277,307,200,cache,0,2026-07-12T18:12:56.197977+00:00
112164,18,Men 35-39,99,288,99.0161,277,307,200,cache,0,2026-07-12T18:12:56.197977+00:00
214307,18,Men 35-39,99,289,99.0127,277,307,200,cache,9,2026-07-12T18:12:56.197977+00:00
13712,18,Men 35-39,99,290,99.0093,277,307,200,cache,10,2026-07-12T18:12:56.197977+00:00
503512,18,Men 35-39,99,291,99.0058,277,307,200,cache,0,2026-07-12T18:12:56.197977+00:00
259607,18,Men 35-39,99,292,99.0024,277,307,200,cache,4,2026-07-12T18:12:56.197977+00:00
1981831,18,Men 35-39,99,293,98.9990,277,307,200,cache,19,2026-07-12T18:12:56.197977+00:00
1784402,18,Men 35-39,99,294,98.9955,277,307,200,cache,5,2026-07-12T18:12:56.197977+00:00
31874,18,Men 35-39,99,295,98.9921,277,307,200,cache,0,2026-07-12T18:12:56.197977+00:00
638487,18,Men 35-39,99,296,98.9887,277,307,404,error,0,2026-07-12T18:12:56.197977+00:00
2085356,18,Men 35-39,99,297,98.9853,277,307,200,cache,0,2026-07-12T18:12:56.197977+00:00
852035,18,Men 35-39,99,298,98.9818,277,307,200,cache,8,2026-07-12T18:12:56.197977+00:00
1817730,18,Men 35-39,99,300,98.9750,277,307,200,cache,0,2026-07-12T18:12:56.197977+00:00
849037,18,Men 35-39,99,301,98.9715,277,307,200,cache,0,2026-07-12T18:12:56.197977+00:00
903907,18,Men 35-39,99,303,98.9647,277,307,200,cache,3,2026-07-12T18:12:56.197977+00:00
453267,18,Men 35-39,99,304,98.9613,277,307,200,cache,20,2026-07-12T18:12:56.197977+00:00
391128,18,Men 35-39,99,305,98.9578,277,307,200,cache,11,2026-07-12T18:12:56.197977+00:00
864020,18,Men 35-39,99,306,98.9544,277,307,200,cache,7,2026-07-12T18:12:56.197977+00:00
201654,12,Men 40-44,75,5478,75.0694,5478,5508,200,cache,5,2026-07-12T18:12:56.197977+00:00
43837,12,Men 40-44,75,5479,75.0649,5478,5508,200,cache,9,2026-07-12T18:12:56.197977+00:00
2484628,12,Men 40-44,75,5480,75.0603,5478,5508,200,cache,0,2026-07-12T18:12:56.197977+00:00
2165973,12,Men 40-44,75,5481,75.0558,5478,5508,200,cache,10,2026-07-12T18:12:56.197977+00:00
2492638,12,Men 40-44,75,5482,75.0512,5478,5508,200,cache,0,2026-07-12T18:12:56.197977+00:00
103602,12,Men 40-44,75,5483,75.0467,5478,5508,200,cache,17,2026-07-12T18:12:56.197977+00:00
698030,12,Men 40-44,75,5484,75.0421,5478,5508,200,cache,3,2026-07-12T18:12:56.197977+00:00
8551,12,Men 40-44,75,5485,75.0376,5478,5508,200,cache,5,2026-07-12T18:12:56.197977+00:00
2307739,12,Men 40-44,75,5486,75.0330,5478,5508,200,cache,0,2026-07-12T18:12:56.197977+00:00
1233956,12,Men 40-44,75,5487,75.0284,5478,5508,200,cache,0,2026-07-12T18:12:56.197977+00:00
2673066,12,Men 40-44,75,5488,75.0239,5478,5508,200,cache,18,2026-07-12T18:12:56.197977+00:00
2832852,12,Men 40-44,75,5489,75.0193,5478,5508,200,cache,0,2026-07-12T18:12:56.197977+00:00
14205,12,Men 40-44,75,5490,75.0148,5478,5508,200,cache,5,2026-07-12T18:12:56.197977+00:00
2719950,12,Men 40-44,75,5491,75.0102,5478,5508,200,cache,0,2026-07-12T18:12:56.197977+00:00
2645050,12,Men 40-44,75,5493,75.0011,5478,5508,200,cache,0,2026-07-12T18:12:56.197977+00:00
1699762,12,Men 40-44,75,5495,74.9920,5478,5508,200,cache,0,2026-07-12T18:12:56.197977+00:00
2914821,12,Men 40-44,75,5496,74.9875,5478,5508,200,cache,0,2026-07-12T18:12:56.197977+00:00
2915362,12,Men 40-44,75,5498,74.9784,5478,5508,200,cache,0,2026-07-12T18:12:56.197977+00:00
2783977,12,Men 40-44,75,5500,74.9693,5478,5508,200,cache,0,2026-07-12T18:12:56.197977+00:00
2545,12,Men 40-44,75,5501,74.9647,5478,5508,200,cache,13,2026-07-12T18:12:56.197977+00:00
1606849,12,Men 40-44,75,5502,74.9602,5478,5508,200,cache,4,2026-07-12T18:12:56.197977+00:00
89567,12,Men 40-44,75,5503,74.9556,5478,5508,200,cache,12,2026-07-12T18:12:56.197977+00:00
1926646,12,Men 40-44,75,5504,74.9511,5478,5508,200,cache,5,2026-07-12T18:12:56.197977+00:00
2780519,12,Men 40-44,75,5506,74.9420,5478,5508,200,cache,3,2026-07-12T18:12:56.197977+00:00
2171253,12,Men 40-44,75,5507,74.9374,5478,5508,200,cache,59,2026-07-12T18:12:56.197977+00:00
1213361,12,Men 40-44,80,4378,80.0765,4378,4408,200,cache,0,2026-07-12T18:12:56.197977+00:00
2956015,12,Men 40-44,80,4379,80.0719,4378,4408,200,cache,0,2026-07-12T18:12:56.197977+00:00
515865,12,Men 40-44,80,4381,80.0628,4378,4408,200,cache,0,2026-07-12T18:12:56.197977+00:00
2136480,12,Men 40-44,80,4382,80.0583,4378,4408,200,cache,7,2026-07-12T18:12:56.197977+00:00
238281,12,Men 40-44,80,4384,80.0492,4378,4408,200,cache,4,2026-07-12T18:12:56.197977+00:00
2401702,12,Men 40-44,80,4385,80.0446,4378,4408,200,cache,43,2026-07-12T18:12:56.197977+00:00
1994531,12,Men 40-44,80,4386,80.0401,4378,4408,200,cache,0,2026-07-12T18:12:56.197977+00:00
2267819,12,Men 40-44,80,4387,80.0355,4378,4408,200,cache,0,2026-07-12T18:12:56.197977+00:00
637560,12,Men 40-44,80,4388,80.0310,4378,4408,200,cache,7,2026-07-12T18:12:56.197977+00:00
100920,12,Men 40-44,80,4389,80.0264,4378,4408,200,cache,8,2026-07-12T18:12:56.197977+00:00
325273,12,Men 40-44,80,4390,80.0218,4378,4408,200,cache,25,2026-07-12T18:12:56.197977+00:00
93680,12,Men 40-44,80,4391,80.0173,4378,4408,200,cache,0,2026-07-12T18:12:56.197977+00:00
2716440,12,Men 40-44,80,4392,80.0127,4378,4408,200,cache,18,2026-07-12T18:12:56.197977+00:00
1137935,12,Men 40-44,80,4393,80.0082,4378,4408,200,cache,7,2026-07-12T18:12:56.197977+00:00
2719142,12,Men 40-44,80,4395,79.9991,4378,4408,200,cache,0,2026-07-12T18:12:56.197977+00:00
2404938,12,Men 40-44,80,4396,79.9945,4378,4408,200,cache,5,2026-07-12T18:12:56.197977+00:00
792799,12,Men 40-44,80,4397,79.9900,4378,4408,200,cache,0,2026-07-12T18:12:56.197977+00:00
186803,12,Men 40-44,80,4399,79.9809,4378,4408,200,cache,9,2026-07-12T18:12:56.197977+00:00
9516,12,Men 40-44,80,4400,79.9763,4378,4408,200,cache,10,2026-07-12T18:12:56.197977+00:00
1169100,12,Men 40-44,80,4401,79.9718,4378,4408,200,cache,17,2026-07-12T18:12:56.197977+00:00
2443319,12,Men 40-44,80,4402,79.9672,4378,4408,200,cache,8,2026-07-12T18:12:56.197977+00:00
20879,12,Men 40-44,80,4403,79.9627,4378,4408,200,cache,0,2026-07-12T18:12:56.197977+00:00
2947684,12,Men 40-44,80,4404,79.9581,4378,4408,200,cache,0,2026-07-12T18:12:56.197977+00:00
2462023,12,Men 40-44,80,4407,79.9445,4378,4408,200,cache,8,2026-07-12T18:12:56.197977+00:00
1893975,12,Men 40-44,80,4408,79.9399,4378,4408,200,cache,11,2026-07-12T18:12:56.197977+00:00
2421708,12,Men 40-44,85,3281,85.0699,3281,3311,200,cache,0,2026-07-12T18:12:56.197977+00:00
94560,12,Men 40-44,85,3282,85.0653,3281,3311,200,cache,8,2026-07-12T18:12:56.197977+00:00
99697,12,Men 40-44,85,3283,85.0608,3281,3311,200,cache,0,2026-07-12T18:12:56.197977+00:00
2788885,12,Men 40-44,85,3284,85.0562,3281,3311,200,cache,0,2026-07-12T18:12:56.197977+00:00
108067,12,Men 40-44,85,3285,85.0517,3281,3311,200,cache,8,2026-07-12T18:12:56.197977+00:00
1379997,12,Men 40-44,85,3286,85.0471,3281,3311,200,cache,5,2026-07-12T18:12:56.197977+00:00
1671503,12,Men 40-44,85,3289,85.0335,3281,3311,200,cache,15,2026-07-12T18:12:56.197977+00:00
1587276,12,Men 40-44,85,3290,85.0289,3281,3311,200,cache,0,2026-07-12T18:12:56.197977+00:00
1244035,12,Men 40-44,85,3291,85.0244,3281,3311,200,cache,1,2026-07-12T18:12:56.197977+00:00
2968318,12,Men 40-44,85,3292,85.0198,3281,3311,200,cache,0,2026-07-12T18:12:56.197977+00:00
699142,12,Men 40-44,85,3293,85.0152,3281,3311,200,cache,0,2026-07-12T18:12:56.197977+00:00
2194985,12,Men 40-44,85,3294,85.0107,3281,3311,200,cache,0,2026-07-12T18:12:56.197977+00:00
2397377,12,Men 40-44,85,3295,85.0061,3281,3311,200,cache,0,2026-07-12T18:12:56.197977+00:00
1776031,12,Men 40-44,85,3296,85.0016,3281,3311,200,cache,23,2026-07-12T18:12:56.197977+00:00
2705314,12,Men 40-44,85,3297,84.9970,3281,3311,200,cache,2,2026-07-12T18:12:56.197977+00:00
2115334,12,Men 40-44,85,3298,84.9925,3281,3311,200,cache,7,2026-07-12T18:12:56.197977+00:00
1656477,12,Men 40-44,85,3299,84.9879,3281,3311,200,cache,1,2026-07-12T18:12:56.197977+00:00
228144,12,Men 40-44,85,3300,84.9834,3281,3311,200,cache,8,2026-07-12T18:12:56.197977+00:00
2233598,12,Men 40-44,85,3301,84.9788,3281,3311,200,cache,0,2026-07-12T18:12:56.197977+00:00
140403,12,Men 40-44,85,3303,84.9697,3281,3311,200,cache,0,2026-07-12T18:12:56.197977+00:00
263323,12,Men 40-44,85,3304,84.9652,3281,3311,200,cache,11,2026-07-12T18:12:56.197977+00:00
819616,12,Men 40-44,85,3305,84.9606,3281,3311,200,cache,0,2026-07-12T18:12:56.197977+00:00
1262065,12,Men 40-44,85,3306,84.9561,3281,3311,200,cache,0,2026-07-12T18:12:56.197977+00:00
237162,12,Men 40-44,85,3307,84.9515,3281,3311,200,cache,0,2026-07-12T18:12:56.197977+00:00
1397130,12,Men 40-44,85,3308,84.9470,3281,3311,200,cache,0,2026-07-12T18:12:56.197977+00:00
1981644,12,Men 40-44,85,3309,84.9424,3281,3311,200,cache,25,2026-07-12T18:12:56.197977+00:00
528611,12,Men 40-44,85,3310,84.9379,3281,3311,200,cache,0,2026-07-12T18:12:56.197977+00:00
470027,12,Men 40-44,90,2182,90.0724,2182,2212,200,cache,0,2026-07-12T18:12:56.197977+00:00
1080692,12,Men 40-44,90,2184,90.0633,2182,2212,200,cache,17,2026-07-12T18:12:56.197977+00:00
2642653,12,Men 40-44,90,2185,90.0587,2182,2212,200,cache,0,2026-07-12T18:12:56.197977+00:00
502259,12,Men 40-44,90,2186,90.0542,2182,2212,200,cache,12,2026-07-12T18:12:56.197977+00:00
2081501,12,Men 40-44,90,2187,90.0496,2182,2212,200,cache,0,2026-07-12T18:12:56.197977+00:00
1626124,12,Men 40-44,90,2188,90.0451,2182,2212,200,cache,11,2026-07-12T18:12:56.197977+00:00
2816450,12,Men 40-44,90,2189,90.0405,2182,2212,200,cache,1,2026-07-12T18:12:56.197977+00:00
2406385,12,Men 40-44,90,2190,90.0360,2182,2212,200,cache,0,2026-07-12T18:12:56.197977+00:00
2494296,12,Men 40-44,90,2191,90.0314,2182,2212,200,cache,9,2026-07-12T18:12:56.197977+00:00
1015103,12,Men 40-44,90,2192,90.0269,2182,2212,200,cache,5,2026-07-12T18:12:56.197977+00:00
2472828,12,Men 40-44,90,2194,90.0178,2182,2212,200,cache,0,2026-07-12T18:12:56.197977+00:00
2078090,12,Men 40-44,90,2195,90.0132,2182,2212,200,cache,0,2026-07-12T18:12:56.197977+00:00
2091300,12,Men 40-44,90,2196,90.0086,2182,2212,200,cache,3,2026-07-12T18:12:56.197977+00:00
2062530,12,Men 40-44,90,2197,90.0041,2182,2212,200,cache,3,2026-07-12T18:12:56.197977+00:00
2106067,12,Men 40-44,90,2198,89.9995,2182,2212,200,cache,0,2026-07-12T18:12:56.197977+00:00
2225066,12,Men 40-44,90,2199,89.9950,2182,2212,200,cache,5,2026-07-12T18:12:56.197977+00:00
1855895,12,Men 40-44,90,2200,89.9904,2182,2212,200,cache,9,2026-07-12T18:12:56.197977+00:00
1362753,12,Men 40-44,90,2202,89.9813,2182,2212,200,cache,0,2026-07-12T18:12:56.197977+00:00
2187474,12,Men 40-44,90,2203,89.9768,2182,2212,200,cache,14,2026-07-12T18:12:56.197977+00:00
180180,12,Men 40-44,90,2204,89.9722,2182,2212,200,cache,7,2026-07-12T18:12:56.197977+00:00
1362230,12,Men 40-44,90,2205,89.9677,2182,2212,200,cache,21,2026-07-12T18:12:56.197977+00:00
31868,12,Men 40-44,90,2207,89.9586,2182,2212,200,cache,10,2026-07-12T18:12:56.197977+00:00
1468502,12,Men 40-44,90,2208,89.9540,2182,2212,200,cache,27,2026-07-12T18:12:56.197977+00:00
556615,12,Men 40-44,90,2209,89.9495,2182,2212,200,cache,10,2026-07-12T18:12:56.197977+00:00
668686,12,Men 40-44,90,2210,89.9449,2182,2212,200,cache,0,2026-07-12T18:12:56.197977+00:00
2688707,12,Men 40-44,90,2211,89.9404,2182,2212,200,cache,0,2026-07-12T18:12:56.197977+00:00
2822763,12,Men 40-44,90,2212,89.9358,2182,2212,200,cache,0,2026-07-12T18:12:56.197977+00:00
285408,12,Men 40-44,95,1084,95.0703,1084,1114,200,cache,0,2026-07-12T18:12:56.197977+00:00
2404933,12,Men 40-44,95,1085,95.0658,1084,1114,200,cache,0,2026-07-12T18:12:56.197977+00:00
396025,12,Men 40-44,95,1086,95.0612,1084,1114,200,cache,10,2026-07-12T18:12:56.197977+00:00
472598,12,Men 40-44,95,1087,95.0567,1084,1114,200,cache,5,2026-07-12T18:12:56.197977+00:00
2399552,12,Men 40-44,95,1089,95.0476,1084,1114,200,cache,0,2026-07-12T18:12:56.197977+00:00
878504,12,Men 40-44,95,1090,95.0430,1084,1114,200,cache,5,2026-07-12T18:12:56.197977+00:00
581473,12,Men 40-44,95,1092,95.0339,1084,1114,200,cache,6,2026-07-12T18:12:56.197977+00:00
129468,12,Men 40-44,95,1093,95.0294,1084,1114,200,cache,14,2026-07-12T18:12:56.197977+00:00
259741,12,Men 40-44,95,1094,95.0248,1084,1114,200,cache,0,2026-07-12T18:12:56.197977+00:00
2090907,12,Men 40-44,95,1095,95.0203,1084,1114,200,cache,4,2026-07-12T18:12:56.197977+00:00
264510,12,Men 40-44,95,1096,95.0157,1084,1114,200,cache,0,2026-07-12T18:12:56.197977+00:00
1169933,12,Men 40-44,95,1097,95.0112,1084,1114,200,cache,0,2026-07-12T18:12:56.197977+00:00
129374,12,Men 40-44,95,1098,95.0066,1084,1114,200,cache,0,2026-07-12T18:12:56.197977+00:00
348920,12,Men 40-44,95,1099,95.0020,1084,1114,200,cache,7,2026-07-12T18:12:56.197977+00:00
499772,12,Men 40-44,95,1100,94.9975,1084,1114,200,cache,6,2026-07-12T18:12:56.197977+00:00
1437331,12,Men 40-44,95,1101,94.9929,1084,1114,200,cache,0,2026-07-12T18:12:56.197977+00:00
2908359,12,Men 40-44,95,1102,94.9884,1084,1114,200,cache,0,2026-07-12T18:12:56.197977+00:00
1101929,12,Men 40-44,95,1103,94.9838,1084,1114,200,cache,0,2026-07-12T18:12:56.197977+00:00
1275202,12,Men 40-44,95,1104,94.9793,1084,1114,200,cache,0,2026-07-12T18:12:56.197977+00:00
649557,12,Men 40-44,95,1105,94.9747,1084,1114,200,cache,7,2026-07-12T18:12:56.197977+00:00
1754024,12,Men 40-44,95,1106,94.9702,1084,1114,200,cache,2,2026-07-12T18:12:56.197977+00:00
679314,12,Men 40-44,95,1108,94.9611,1084,1114,200,cache,6,2026-07-12T18:12:56.197977+00:00
1284570,12,Men 40-44,95,1109,94.9565,1084,1114,200,cache,12,2026-07-12T18:12:56.197977+00:00
1984386,12,Men 40-44,95,1110,94.9520,1084,1114,200,cache,1,2026-07-12T18:12:56.197977+00:00
2175678,12,Men 40-44,95,1111,94.9474,1084,1114,200,cache,7,2026-07-12T18:12:56.197977+00:00
808383,12,Men 40-44,95,1112,94.9429,1084,1114,200,cache,5,2026-07-12T18:12:56.197977+00:00
1337894,12,Men 40-44,95,1113,94.9383,1084,1114,200,cache,5,2026-07-12T18:12:56.197977+00:00
1191692,12,Men 40-44,95,1114,94.9338,1084,1114,200,cache,12,2026-07-12T18:12:56.197977+00:00
465862,12,Men 40-44,99,205,99.0714,205,235,200,cache,7,2026-07-12T18:12:56.197977+00:00
1050534,12,Men 40-44,99,206,99.0669,205,235,200,cache,0,2026-07-12T18:12:56.197977+00:00
2391210,12,Men 40-44,99,207,99.0623,205,235,200,cache,18,2026-07-12T18:12:56.197977+00:00
2634621,12,Men 40-44,99,208,99.0578,205,235,200,cache,18,2026-07-12T18:12:56.197977+00:00
1189381,12,Men 40-44,99,209,99.0532,205,235,200,cache,8,2026-07-12T18:12:56.197977+00:00
589314,12,Men 40-44,99,210,99.0487,205,235,200,cache,7,2026-07-12T18:12:56.197977+00:00
881406,12,Men 40-44,99,211,99.0441,205,235,200,cache,9,2026-07-12T18:12:56.197977+00:00
2492572,12,Men 40-44,99,212,99.0396,205,235,200,cache,6,2026-07-12T18:12:56.197977+00:00
658128,12,Men 40-44,99,213,99.0350,205,235,200,cache,0,2026-07-12T18:12:56.197977+00:00
1757278,12,Men 40-44,99,215,99.0259,205,235,200,cache,2,2026-07-12T18:12:56.197977+00:00
803105,12,Men 40-44,99,216,99.0213,205,235,200,cache,0,2026-07-12T18:12:56.197977+00:00
115897,12,Men 40-44,99,217,99.0168,205,235,200,cache,10,2026-07-12T18:12:56.197977+00:00
432407,12,Men 40-44,99,218,99.0122,205,235,200,cache,20,2026-07-12T18:12:56.197977+00:00
275126,12,Men 40-44,99,219,99.0077,205,235,200,cache,9,2026-07-12T18:12:56.197977+00:00
124495,12,Men 40-44,99,220,99.0031,205,235,200,cache,8,2026-07-12T18:12:56.197977+00:00
66149,12,Men 40-44,99,221,98.9986,205,235,200,cache,1,2026-07-12T18:12:56.197977+00:00
238112,12,Men 40-44,99,222,98.9940,205,235,200,cache,1,2026-07-12T18:12:56.197977+00:00
113934,12,Men 40-44,99,223,98.9895,205,235,200,cache,7,2026-07-12T18:12:56.197977+00:00
100409,12,Men 40-44,99,224,98.9849,205,235,200,cache,3,2026-07-12T18:12:56.197977+00:00
1263016,12,Men 40-44,99,225,98.9804,205,235,200,cache,0,2026-07-12T18:12:56.197977+00:00
18342,12,Men 40-44,99,226,98.9758,205,235,200,cache,10,2026-07-12T18:12:56.197977+00:00
256607,12,Men 40-44,99,227,98.9713,205,235,200,cache,26,2026-07-12T18:12:56.197977+00:00
1809022,12,Men 40-44,99,228,98.9667,205,235,200,cache,0,2026-07-12T18:12:56.197977+00:00
690966,12,Men 40-44,99,229,98.9622,205,235,200,cache,12,2026-07-12T18:12:56.197977+00:00
1300964,12,Men 40-44,99,230,98.9576,205,235,200,cache,6,2026-07-12T18:12:56.197977+00:00
2085811,12,Men 40-44,99,232,98.9485,205,235,200,cache,4,2026-07-12T18:12:56.197977+00:00
2543,12,Men 40-44,99,233,98.9440,205,235,200,cache,10,2026-07-12T18:12:56.197977+00:00
1091898,12,Men 40-44,99,234,98.9394,205,235,200,cache,0,2026-07-12T18:12:56.197977+00:00
2110170,12,Men 40-44,99,235,98.9349,205,235,200,cache,0,2026-07-12T18:12:56.197977+00:00
2958711,2,Women,75,26475,75.0146,26475,26505,200,cache,0,2026-07-12T18:12:56.197977+00:00
2643738,2,Women,75,26476,75.0137,26475,26505,200,cache,12,2026-07-12T18:12:56.197977+00:00
2683544,2,Women,75,26477,75.0127,26475,26505,200,cache,0,2026-07-12T18:12:56.197977+00:00
2715798,2,Women,75,26478,75.0118,26475,26505,200,cache,1,2026-07-12T18:12:56.197977+00:00
2252533,2,Women,75,26479,75.0109,26475,26505,200,cache,0,2026-07-12T18:12:56.197977+00:00
2688025,2,Women,75,26480,75.0099,26475,26505,200,cache,0,2026-07-12T18:12:56.197977+00:00
2420235,2,Women,75,26481,75.0090,26475,26505,200,cache,0,2026-07-12T18:12:56.197977+00:00
2576217,2,Women,75,26482,75.0080,26475,26505,200,cache,3,2026-07-12T18:12:56.197977+00:00
2792445,2,Women,75,26483,75.0071,26475,26505,200,cache,0,2026-07-12T18:12:56.197977+00:00
2400900,2,Women,75,26485,75.0052,26475,26505,200,cache,2,2026-07-12T18:12:56.197977+00:00
2964711,2,Women,75,26486,75.0042,26475,26505,200,cache,0,2026-07-12T18:12:56.197977+00:00
540855,2,Women,75,26488,75.0024,26475,26505,200,cache,4,2026-07-12T18:12:56.197977+00:00
2936226,2,Women,75,26489,75.0014,26475,26505,200,cache,0,2026-07-12T18:12:56.197977+00:00
838975,2,Women,75,26490,75.0005,26475,26505,200,cache,0,2026-07-12T18:12:56.197977+00:00
1260536,2,Women,75,26491,74.9995,26475,26505,200,cache,0,2026-07-12T18:12:56.197977+00:00
1884772,2,Women,75,26492,74.9986,26475,26505,200,cache,0,2026-07-12T18:12:56.197977+00:00
2445909,2,Women,75,26493,74.9976,26475,26505,200,cache,0,2026-07-12T18:12:56.197977+00:00
767839,2,Women,75,26494,74.9967,26475,26505,200,cache,11,2026-07-12T18:12:56.197977+00:00
2611446,2,Women,75,26495,74.9958,26475,26505,200,cache,0,2026-07-12T18:12:56.197977+00:00
1229109,2,Women,75,26496,74.9948,26475,26505,200,cache,0,2026-07-12T18:12:56.197977+00:00
1567861,2,Women,75,26497,74.9939,26475,26505,200,cache,0,2026-07-12T18:12:56.197977+00:00
2682351,2,Women,75,26498,74.9929,26475,26505,200,cache,0,2026-07-12T18:12:56.197977+00:00
2012806,2,Women,75,26499,74.9920,26475,26505,200,cache,5,2026-07-12T18:12:56.197977+00:00
2903857,2,Women,75,26500,74.9910,26475,26505,200,cache,0,2026-07-12T18:12:56.197977+00:00
1953814,2,Women,75,26502,74.9891,26475,26505,200,cache,0,2026-07-12T18:12:56.197977+00:00
2783743,2,Women,75,26504,74.9873,26475,26505,200,cache,0,2026-07-12T18:12:56.197977+00:00
2181198,2,Women,75,26505,74.9863,26475,26505,200,cache,4,2026-07-12T18:12:56.197977+00:00
1587017,2,Women,80,21177,80.0147,21177,21207,200,cache,7,2026-07-12T18:12:56.197977+00:00
2105977,2,Women,80,21178,80.0138,21177,21207,200,cache,5,2026-07-12T18:12:56.197977+00:00
989580,2,Women,80,21179,80.0128,21177,21207,200,cache,0,2026-07-12T18:12:56.197977+00:00
1797990,2,Women,80,21180,80.0119,21177,21207,200,cache,6,2026-07-12T18:12:56.197977+00:00
2228246,2,Women,80,21181,80.0109,21177,21207,200,cache,8,2026-07-12T18:12:56.197977+00:00
2949443,2,Women,80,21182,80.0100,21177,21207,200,cache,0,2026-07-12T18:12:56.197977+00:00
2155472,2,Women,80,21183,80.0091,21177,21207,200,cache,0,2026-07-12T18:12:56.197977+00:00
2912281,2,Women,80,21184,80.0081,21177,21207,200,cache,0,2026-07-12T18:12:56.197977+00:00
1989963,2,Women,80,21185,80.0072,21177,21207,200,cache,0,2026-07-12T18:12:56.197977+00:00
1576227,2,Women,80,21186,80.0062,21177,21207,200,cache,0,2026-07-12T18:12:56.197977+00:00
1159806,2,Women,80,21187,80.0053,21177,21207,200,cache,0,2026-07-12T18:12:56.197977+00:00
1992887,2,Women,80,21188,80.0043,21177,21207,200,cache,7,2026-07-12T18:12:56.197977+00:00
2052385,2,Women,80,21189,80.0034,21177,21207,200,cache,0,2026-07-12T18:12:56.197977+00:00
2435569,2,Women,80,21191,80.0015,21177,21207,200,cache,0,2026-07-12T18:12:56.197977+00:00
2170043,2,Women,80,21192,80.0006,21177,21207,200,cache,16,2026-07-12T18:12:56.197977+00:00
948346,2,Women,80,21194,79.9987,21177,21207,200,cache,4,2026-07-12T18:12:56.197977+00:00
2808907,2,Women,80,21195,79.9977,21177,21207,200,cache,0,2026-07-12T18:12:56.197977+00:00
2798271,2,Women,80,21196,79.9968,21177,21207,200,cache,0,2026-07-12T18:12:56.197977+00:00
2735856,2,Women,80,21197,79.9958,21177,21207,200,cache,0,2026-07-12T18:12:56.197977+00:00
2175920,2,Women,80,21198,79.9949,21177,21207,200,cache,0,2026-07-12T18:12:56.197977+00:00
2690955,2,Women,80,21199,79.9940,21177,21207,200,cache,0,2026-07-12T18:12:56.197977+00:00
2963949,2,Women,80,21200,79.9930,21177,21207,200,cache,0,2026-07-12T18:12:56.197977+00:00
1593796,2,Women,80,21202,79.9911,21177,21207,200,cache,0,2026-07-12T18:12:56.197977+00:00
2675743,2,Women,80,21203,79.9902,21177,21207,200,cache,0,2026-07-12T18:12:56.197977+00:00
796195,2,Women,80,21204,79.9892,21177,21207,200,cache,0,2026-07-12T18:12:56.197977+00:00
2927434,2,Women,80,21205,79.9883,21177,21207,200,cache,0,2026-07-12T18:12:56.197977+00:00
2804836,2,Women,80,21206,79.9874,21177,21207,200,cache,2,2026-07-12T18:12:56.197977+00:00
2256346,2,Women,85,15879,85.0148,15879,15909,200,cache,6,2026-07-12T18:12:56.197977+00:00
2099233,2,Women,85,15880,85.0139,15879,15909,200,cache,4,2026-07-12T18:12:56.197977+00:00
2183790,2,Women,85,15881,85.0129,15879,15909,200,cache,0,2026-07-12T18:12:56.197977+00:00
189575,2,Women,85,15882,85.0120,15879,15909,200,cache,0,2026-07-12T18:12:56.197977+00:00
2833705,2,Women,85,15883,85.0110,15879,15909,200,cache,0,2026-07-12T18:12:56.197977+00:00
370485,2,Women,85,15884,85.0101,15879,15909,200,cache,0,2026-07-12T18:12:56.197977+00:00
738089,2,Women,85,15885,85.0092,15879,15909,200,cache,0,2026-07-12T18:12:56.197977+00:00
2268651,2,Women,85,15886,85.0082,15879,15909,200,cache,0,2026-07-12T18:12:56.197977+00:00
290566,2,Women,85,15887,85.0073,15879,15909,200,cache,9,2026-07-12T18:12:56.197977+00:00
2200047,2,Women,85,15888,85.0063,15879,15909,200,cache,0,2026-07-12T18:12:56.197977+00:00
2231580,2,Women,85,15889,85.0054,15879,15909,200,cache,0,2026-07-12T18:12:56.197977+00:00
720620,2,Women,85,15890,85.0044,15879,15909,200,cache,0,2026-07-12T18:12:56.197977+00:00
1904192,2,Women,85,15891,85.0035,15879,15909,200,cache,0,2026-07-12T18:12:56.197977+00:00
1669918,2,Women,85,15892,85.0025,15879,15909,200,cache,3,2026-07-12T18:12:56.197977+00:00
2796419,2,Women,85,15893,85.0016,15879,15909,200,cache,0,2026-07-12T18:12:56.197977+00:00
2916883,2,Women,85,15894,85.0007,15879,15909,200,cache,0,2026-07-12T18:12:56.197977+00:00
1032039,2,Women,85,15895,84.9997,15879,15909,200,cache,0,2026-07-12T18:12:56.197977+00:00
444862,2,Women,85,15896,84.9988,15879,15909,200,cache,11,2026-07-12T18:12:56.197977+00:00
2624165,2,Women,85,15897,84.9978,15879,15909,200,cache,8,2026-07-12T18:12:56.197977+00:00
609808,2,Women,85,15899,84.9959,15879,15909,200,cache,0,2026-07-12T18:12:56.197977+00:00
2661420,2,Women,85,15900,84.9950,15879,15909,200,cache,0,2026-07-12T18:12:56.197977+00:00
2638056,2,Women,85,15901,84.9941,15879,15909,200,cache,0,2026-07-12T18:12:56.197977+00:00
2441753,2,Women,85,15902,84.9931,15879,15909,200,cache,13,2026-07-12T18:12:56.197977+00:00
2673036,2,Women,85,15903,84.9922,15879,15909,200,cache,0,2026-07-12T18:12:56.197977+00:00
2466208,2,Women,85,15904,84.9912,15879,15909,200,cache,0,2026-07-12T18:12:56.197977+00:00
1733565,2,Women,85,15905,84.9903,15879,15909,200,cache,0,2026-07-12T18:12:56.197977+00:00
2804840,2,Women,85,15906,84.9893,15879,15909,200,cache,0,2026-07-12T18:12:56.197977+00:00
1581746,2,Women,85,15907,84.9884,15879,15909,200,cache,0,2026-07-12T18:12:56.197977+00:00
585338,2,Women,85,15908,84.9874,15879,15909,200,cache,0,2026-07-12T18:12:56.197977+00:00
2611050,2,Women,85,15909,84.9865,15879,15909,200,cache,0,2026-07-12T18:12:56.197977+00:00
595276,2,Women,90,10581,90.0149,10581,10611,200,cache,1,2026-07-12T18:12:56.197977+00:00
2903799,2,Women,90,10582,90.0140,10581,10611,200,cache,0,2026-07-12T18:12:56.197977+00:00
1354564,2,Women,90,10583,90.0130,10581,10611,200,cache,0,2026-07-12T18:12:56.197977+00:00
2912256,2,Women,90,10584,90.0121,10581,10611,200,cache,10,2026-07-12T18:12:56.197977+00:00
2842507,2,Women,90,10585,90.0111,10581,10611,200,cache,0,2026-07-12T18:12:56.197977+00:00
2983564,2,Women,90,10587,90.0092,10581,10611,200,cache,0,2026-07-12T18:12:56.197977+00:00
1960812,2,Women,90,10588,90.0083,10581,10611,200,cache,0,2026-07-12T18:12:56.197977+00:00
1938804,2,Women,90,10589,90.0074,10581,10611,200,cache,0,2026-07-12T18:12:56.197977+00:00
873823,2,Women,90,10590,90.0064,10581,10611,404,error,0,2026-07-12T18:12:56.197977+00:00
2152308,2,Women,90,10591,90.0055,10581,10611,200,cache,7,2026-07-12T18:12:56.197977+00:00
2446807,2,Women,90,10592,90.0045,10581,10611,200,cache,0,2026-07-12T18:12:56.197977+00:00
112049,2,Women,90,10593,90.0036,10581,10611,200,cache,10,2026-07-12T18:12:56.197977+00:00
2829832,2,Women,90,10594,90.0026,10581,10611,200,cache,0,2026-07-12T18:12:56.197977+00:00
1096091,2,Women,90,10595,90.0017,10581,10611,200,cache,0,2026-07-12T18:12:56.197977+00:00
2561640,2,Women,90,10596,90.0008,10581,10611,200,cache,0,2026-07-12T18:12:56.197977+00:00
479770,2,Women,90,10598,89.9989,10581,10611,200,cache,10,2026-07-12T18:12:56.197977+00:00
2488937,2,Women,90,10599,89.9979,10581,10611,200,cache,0,2026-07-12T18:12:56.197977+00:00
550669,2,Women,90,10600,89.9970,10581,10611,200,cache,5,2026-07-12T18:12:56.197977+00:00
1218942,2,Women,90,10601,89.9960,10581,10611,200,cache,0,2026-07-12T18:12:56.197977+00:00
772464,2,Women,90,10602,89.9951,10581,10611,200,cache,0,2026-07-12T18:12:56.197977+00:00
1982468,2,Women,90,10603,89.9941,10581,10611,200,cache,6,2026-07-12T18:12:56.197977+00:00
2473362,2,Women,90,10604,89.9932,10581,10611,200,cache,1,2026-07-12T18:12:56.197977+00:00
453527,2,Women,90,10605,89.9923,10581,10611,200,cache,0,2026-07-12T18:12:56.197977+00:00
2593923,2,Women,90,10607,89.9904,10581,10611,200,cache,0,2026-07-12T18:12:56.197977+00:00
2330384,2,Women,90,10608,89.9894,10581,10611,200,cache,5,2026-07-12T18:12:56.197977+00:00
2246035,2,Women,90,10609,89.9885,10581,10611,200,cache,0,2026-07-12T18:12:56.197977+00:00
1877476,2,Women,90,10610,89.9875,10581,10611,200,cache,0,2026-07-12T18:12:56.197977+00:00
1037425,2,Women,90,10611,89.9866,10581,10611,200,cache,9,2026-07-12T18:12:56.197977+00:00
134197,2,Women,95,5283,95.0150,5283,5313,200,cache,10,2026-07-12T18:12:56.197977+00:00
876181,2,Women,95,5284,95.0141,5283,5313,200,cache,0,2026-07-12T18:12:56.197977+00:00
2064911,2,Women,95,5285,95.0131,5283,5313,200,cache,0,2026-07-12T18:12:56.197977+00:00
316851,2,Women,95,5286,95.0122,5283,5313,200,cache,7,2026-07-12T18:12:56.197977+00:00
1995392,2,Women,95,5287,95.0112,5283,5313,200,cache,7,2026-07-12T18:12:56.197977+00:00
2449556,2,Women,95,5288,95.0103,5283,5313,200,cache,0,2026-07-12T18:12:56.197977+00:00
15603,2,Women,95,5289,95.0093,5283,5313,200,cache,12,2026-07-12T18:12:56.197977+00:00
2293392,2,Women,95,5290,95.0084,5283,5313,200,cache,0,2026-07-12T18:12:56.197977+00:00
1302532,2,Women,95,5291,95.0075,5283,5313,200,cache,0,2026-07-12T18:12:56.197977+00:00
707162,2,Women,95,5292,95.0065,5283,5313,200,cache,4,2026-07-12T18:12:56.197977+00:00
2321416,2,Women,95,5293,95.0056,5283,5313,200,cache,17,2026-07-12T18:12:56.197977+00:00
2604885,2,Women,95,5295,95.0037,5283,5313,200,cache,0,2026-07-12T18:12:56.197977+00:00
2166206,2,Women,95,5297,95.0018,5283,5313,200,cache,0,2026-07-12T18:12:56.197977+00:00
2265274,2,Women,95,5298,95.0008,5283,5313,200,cache,0,2026-07-12T18:12:56.197977+00:00
2151800,2,Women,95,5299,94.9999,5283,5313,200,cache,0,2026-07-12T18:12:56.197977+00:00
2809670,2,Women,95,5300,94.9990,5283,5313,200,cache,2,2026-07-12T18:12:56.197977+00:00
2815341,2,Women,95,5301,94.9980,5283,5313,200,cache,0,2026-07-12T18:12:56.197977+00:00
2146779,2,Women,95,5302,94.9971,5283,5313,200,cache,11,2026-07-12T18:12:56.197977+00:00
871571,2,Women,95,5305,94.9942,5283,5313,200,cache,4,2026-07-12T18:12:56.197977+00:00
2158743,2,Women,95,5306,94.9933,5283,5313,200,cache,0,2026-07-12T18:12:56.197977+00:00
2090294,2,Women,95,5307,94.9924,5283,5313,200,cache,0,2026-07-12T18:12:56.197977+00:00
784745,2,Women,95,5309,94.9905,5283,5313,200,cache,0,2026-07-12T18:12:56.197977+00:00
1964687,2,Women,95,5310,94.9895,5283,5313,200,cache,0,2026-07-12T18:12:56.197977+00:00
872453,2,Women,95,5311,94.9886,5283,5313,200,cache,3,2026-07-12T18:12:56.197977+00:00
22964,2,Women,95,5312,94.9876,5283,5313,200,cache,20,2026-07-12T18:12:56.197977+00:00
1206642,2,Women,95,5313,94.9867,5283,5313,200,cache,0,2026-07-12T18:12:56.197977+00:00
798694,2,Women,99,1045,99.0147,1045,1075,200,cache,6,2026-07-12T18:12:56.197977+00:00
506881,2,Women,99,1046,99.0138,1045,1075,200,cache,0,2026-07-12T18:12:56.197977+00:00
1570870,2,Women,99,1047,99.0128,1045,1075,200,cache,5,2026-07-12T18:12:56.197977+00:00
1611939,2,Women,99,1048,99.0119,1045,1075,200,cache,0,2026-07-12T18:12:56.197977+00:00
1567060,2,Women,99,1049,99.0109,1045,1075,200,cache,13,2026-07-12T18:12:56.197977+00:00
1294358,2,Women,99,1050,99.0100,1045,1075,200,cache,0,2026-07-12T18:12:56.197977+00:00
19937,2,Women,99,1051,99.0090,1045,1075,200,cache,8,2026-07-12T18:12:56.197977+00:00
1206028,2,Women,99,1052,99.0081,1045,1075,200,cache,0,2026-07-12T18:12:56.197977+00:00
2276842,2,Women,99,1054,99.0062,1045,1075,200,cache,0,2026-07-12T18:12:56.197977+00:00
1553049,2,Women,99,1055,99.0053,1045,1075,200,cache,0,2026-07-12T18:12:56.197977+00:00
1209961,2,Women,99,1056,99.0043,1045,1075,200,cache,5,2026-07-12T18:12:56.197977+00:00
1180989,2,Women,99,1057,99.0034,1045,1075,200,cache,0,2026-07-12T18:12:56.197977+00:00
1778225,2,Women,99,1058,99.0024,1045,1075,200,cache,0,2026-07-12T18:12:56.197977+00:00
1463308,2,Women,99,1059,99.0015,1045,1075,200,cache,0,2026-07-12T18:12:56.197977+00:00
1676116,2,Women,99,1060,99.0005,1045,1075,200,cache,0,2026-07-12T18:12:56.197977+00:00
2182134,2,Women,99,1061,98.9996,1045,1075,200,cache,0,2026-07-12T18:12:56.197977+00:00
10512,2,Women,99,1062,98.9987,1045,1075,200,cache,10,2026-07-12T18:12:56.197977+00:00
2426859,2,Women,99,1063,98.9977,1045,1075,200,cache,16,2026-07-12T18:12:56.197977+00:00
2233433,2,Women,99,1064,98.9968,1045,1075,200,cache,0,2026-07-12T18:12:56.197977+00:00
2244028,2,Women,99,1066,98.9949,1045,1075,200,cache,0,2026-07-12T18:12:56.197977+00:00
2061915,2,Women,99,1067,98.9939,1045,1075,200,cache,0,2026-07-12T18:12:56.197977+00:00
580611,2,Women,99,1068,98.9930,1045,1075,200,cache,0,2026-07-12T18:12:56.197977+00:00
2218676,2,Women,99,1069,98.9921,1045,1075,200,cache,0,2026-07-12T18:12:56.197977+00:00
193710,2,Women,99,1071,98.9902,1045,1075,200,cache,7,2026-07-12T18:12:56.197977+00:00
18641,2,Women,99,1072,98.9892,1045,1075,200,cache,10,2026-07-12T18:12:56.197977+00:00
1984352,2,Women,99,1073,98.9883,1045,1075,200,cache,6,2026-07-12T18:12:56.197977+00:00
916218,2,Women,99,1075,98.9864,1045,1075,200,cache,0,2026-07-12T18:12:56.197977+00:00
2593799,19,Women 35-39,75,5654,75.0662,5654,5684,200,cache,1,2026-07-12T18:12:56.197977+00:00
2543850,19,Women 35-39,75,5655,75.0618,5654,5684,200,cache,0,2026-07-12T18:12:56.197977+00:00
123117,19,Women 35-39,75,5656,75.0573,5654,5684,200,cache,0,2026-07-12T18:12:56.197977+00:00
2920537,19,Women 35-39,75,5657,75.0529,5654,5684,200,cache,16,2026-07-12T18:12:56.197977+00:00
2608658,19,Women 35-39,75,5658,75.0485,5654,5684,200,cache,0,2026-07-12T18:12:56.197977+00:00
1985130,19,Women 35-39,75,5659,75.0441,5654,5684,200,cache,12,2026-07-12T18:12:56.197977+00:00
2802432,19,Women 35-39,75,5660,75.0397,5654,5684,200,cache,1,2026-07-12T18:12:56.197977+00:00
2481715,19,Women 35-39,75,5661,75.0353,5654,5684,200,cache,10,2026-07-12T18:12:56.197977+00:00
2208547,19,Women 35-39,75,5662,75.0309,5654,5684,200,cache,0,2026-07-12T18:12:56.197977+00:00
2330197,19,Women 35-39,75,5664,75.0221,5654,5684,200,cache,0,2026-07-12T18:12:56.197977+00:00
2254682,19,Women 35-39,75,5666,75.0132,5654,5684,200,cache,0,2026-07-12T18:12:56.197977+00:00
2868797,19,Women 35-39,75,5667,75.0088,5654,5684,200,cache,0,2026-07-12T18:12:56.197977+00:00
712410,19,Women 35-39,75,5668,75.0044,5654,5684,200,cache,0,2026-07-12T18:12:56.197977+00:00
596101,19,Women 35-39,75,5669,75.0000,5654,5684,200,cache,14,2026-07-12T18:12:56.197977+00:00
2232622,19,Women 35-39,75,5671,74.9912,5654,5684,200,cache,4,2026-07-12T18:12:56.197977+00:00
797502,19,Women 35-39,75,5673,74.9824,5654,5684,200,cache,9,2026-07-12T18:12:56.197977+00:00
2217794,19,Women 35-39,75,5674,74.9779,5654,5684,200,cache,0,2026-07-12T18:12:56.197977+00:00
2467769,19,Women 35-39,75,5675,74.9735,5654,5684,200,cache,0,2026-07-12T18:12:56.197977+00:00
1059018,19,Women 35-39,75,5677,74.9647,5654,5684,200,cache,0,2026-07-12T18:12:56.197977+00:00
2935604,19,Women 35-39,75,5678,74.9603,5654,5684,200,cache,0,2026-07-12T18:12:56.197977+00:00
2818871,19,Women 35-39,75,5680,74.9515,5654,5684,200,cache,5,2026-07-12T18:12:56.197977+00:00
1927592,19,Women 35-39,75,5681,74.9471,5654,5684,200,cache,0,2026-07-12T18:12:56.197977+00:00
1038916,19,Women 35-39,75,5682,74.9427,5654,5684,200,cache,0,2026-07-12T18:12:56.197977+00:00
2904545,19,Women 35-39,75,5683,74.9382,5654,5684,200,cache,8,2026-07-12T18:12:56.197977+00:00
2180901,19,Women 35-39,75,5684,74.9338,5654,5684,200,cache,0,2026-07-12T18:12:56.197977+00:00
2522205,19,Women 35-39,80,4520,80.0679,4520,4550,200,cache,7,2026-07-12T18:12:56.197977+00:00
1970711,19,Women 35-39,80,4522,80.0591,4520,4550,200,cache,0,2026-07-12T18:12:56.197977+00:00
1790129,19,Women 35-39,80,4525,80.0459,4520,4550,200,cache,0,2026-07-12T18:12:56.197977+00:00
2627948,19,Women 35-39,80,4526,80.0415,4520,4550,200,cache,13,2026-07-12T18:12:56.197977+00:00
2426477,19,Women 35-39,80,4527,80.0371,4520,4550,200,cache,0,2026-07-12T18:12:56.197977+00:00
2307157,19,Women 35-39,80,4528,80.0326,4520,4550,200,cache,9,2026-07-12T18:12:56.197977+00:00
2826015,19,Women 35-39,80,4529,80.0282,4520,4550,200,cache,4,2026-07-12T18:12:56.197977+00:00
1620816,19,Women 35-39,80,4530,80.0238,4520,4550,200,cache,0,2026-07-12T18:12:56.197977+00:00
2009808,19,Women 35-39,80,4531,80.0194,4520,4550,200,cache,0,2026-07-12T18:12:56.197977+00:00
1775522,19,Women 35-39,80,4532,80.0150,4520,4550,200,cache,25,2026-07-12T18:12:56.197977+00:00
2272132,19,Women 35-39,80,4533,80.0106,4520,4550,200,cache,9,2026-07-12T18:12:56.197977+00:00
1985425,19,Women 35-39,80,4534,80.0062,4520,4550,200,cache,0,2026-07-12T18:12:56.197977+00:00
2191255,19,Women 35-39,80,4535,80.0018,4520,4550,200,cache,0,2026-07-12T18:12:56.197977+00:00
2630989,19,Women 35-39,80,4536,79.9974,4520,4550,200,cache,0,2026-07-12T18:12:56.197977+00:00
1310621,19,Women 35-39,80,4537,79.9929,4520,4550,200,cache,3,2026-07-12T18:12:56.197977+00:00
677182,19,Women 35-39,80,4538,79.9885,4520,4550,200,cache,0,2026-07-12T18:12:56.197977+00:00
2625322,19,Women 35-39,80,4539,79.9841,4520,4550,200,cache,3,2026-07-12T18:12:56.197977+00:00
2705581,19,Women 35-39,80,4540,79.9797,4520,4550,200,cache,4,2026-07-12T18:12:56.197977+00:00
71417,19,Women 35-39,80,4541,79.9753,4520,4550,200,cache,19,2026-07-12T18:12:56.197977+00:00
2673055,19,Women 35-39,80,4542,79.9709,4520,4550,200,cache,4,2026-07-12T18:12:56.197977+00:00
1251466,19,Women 35-39,80,4543,79.9665,4520,4550,200,cache,0,2026-07-12T18:12:56.197977+00:00
1346245,19,Women 35-39,80,4544,79.9621,4520,4550,200,cache,0,2026-07-12T18:12:56.197977+00:00
2213708,19,Women 35-39,80,4545,79.9577,4520,4550,200,cache,0,2026-07-12T18:12:56.197977+00:00
501248,19,Women 35-39,80,4547,79.9488,4520,4550,200,cache,0,2026-07-12T18:12:56.197977+00:00
2622567,19,Women 35-39,80,4548,79.9444,4520,4550,200,cache,16,2026-07-12T18:12:56.197977+00:00
2820780,19,Women 35-39,80,4549,79.9400,4520,4550,200,cache,7,2026-07-12T18:12:56.197977+00:00
1815006,19,Women 35-39,80,4550,79.9356,4520,4550,200,cache,0,2026-07-12T18:12:56.197977+00:00
1984013,19,Women 35-39,85,3387,85.0653,3386,3416,200,cache,4,2026-07-12T18:12:56.197977+00:00
345484,19,Women 35-39,85,3388,85.0609,3386,3416,200,cache,0,2026-07-12T18:12:56.197977+00:00
134102,19,Women 35-39,85,3389,85.0565,3386,3416,200,cache,11,2026-07-12T18:12:56.197977+00:00
2542989,19,Women 35-39,85,3390,85.0520,3386,3416,200,cache,0,2026-07-12T18:12:56.197977+00:00
509010,19,Women 35-39,85,3391,85.0476,3386,3416,200,cache,18,2026-07-12T18:12:56.197977+00:00
1017217,19,Women 35-39,85,3392,85.0432,3386,3416,200,cache,0,2026-07-12T18:12:56.197977+00:00
2927874,19,Women 35-39,85,3393,85.0388,3386,3416,200,cache,0,2026-07-12T18:12:56.197977+00:00
2422219,19,Women 35-39,85,3394,85.0344,3386,3416,200,cache,0,2026-07-12T18:12:56.197977+00:00
1209448,19,Women 35-39,85,3395,85.0300,3386,3416,200,cache,4,2026-07-12T18:12:56.197977+00:00
2489655,19,Women 35-39,85,3396,85.0256,3386,3416,200,cache,22,2026-07-12T18:12:56.197977+00:00
2805469,19,Women 35-39,85,3397,85.0212,3386,3416,200,cache,0,2026-07-12T18:12:56.197977+00:00
2920645,19,Women 35-39,85,3398,85.0168,3386,3416,200,cache,0,2026-07-12T18:12:56.197977+00:00
159959,19,Women 35-39,85,3399,85.0124,3386,3416,200,cache,0,2026-07-12T18:12:56.197977+00:00
2602701,19,Women 35-39,85,3400,85.0079,3386,3416,200,cache,0,2026-07-12T18:12:56.197977+00:00
2610364,19,Women 35-39,85,3401,85.0035,3386,3416,200,cache,0,2026-07-12T18:12:56.197977+00:00
2224080,19,Women 35-39,85,3403,84.9947,3386,3416,200,cache,0,2026-07-12T18:12:56.197977+00:00
1381460,19,Women 35-39,85,3404,84.9903,3386,3416,200,cache,4,2026-07-12T18:12:56.197977+00:00
1272701,19,Women 35-39,85,3405,84.9859,3386,3416,200,cache,0,2026-07-12T18:12:56.197977+00:00
1860970,19,Women 35-39,85,3406,84.9815,3386,3416,200,cache,7,2026-07-12T18:12:56.197977+00:00
2263774,19,Women 35-39,85,3407,84.9771,3386,3416,200,cache,3,2026-07-12T18:12:56.197977+00:00
1440553,19,Women 35-39,85,3408,84.9727,3386,3416,200,cache,6,2026-07-12T18:12:56.197977+00:00
395497,19,Women 35-39,85,3409,84.9682,3386,3416,200,cache,2,2026-07-12T18:12:56.197977+00:00
1813211,19,Women 35-39,85,3410,84.9638,3386,3416,200,cache,7,2026-07-12T18:12:56.197977+00:00
1819976,19,Women 35-39,85,3411,84.9594,3386,3416,200,cache,27,2026-07-12T18:12:56.197977+00:00
2915826,19,Women 35-39,85,3412,84.9550,3386,3416,200,cache,0,2026-07-12T18:12:56.197977+00:00
2427483,19,Women 35-39,85,3415,84.9418,3386,3416,200,cache,12,2026-07-12T18:12:56.197977+00:00
1210654,19,Women 35-39,85,3416,84.9374,3386,3416,200,cache,3,2026-07-12T18:12:56.197977+00:00
962132,19,Women 35-39,90,2253,90.0670,2253,2283,200,cache,8,2026-07-12T18:12:56.197977+00:00
48145,19,Women 35-39,90,2254,90.0626,2253,2283,200,cache,4,2026-07-12T18:12:56.197977+00:00
2949038,19,Women 35-39,90,2255,90.0582,2253,2283,200,cache,0,2026-07-12T18:12:56.197977+00:00
102433,19,Women 35-39,90,2256,90.0538,2253,2283,200,cache,4,2026-07-12T18:12:56.197977+00:00
2004668,19,Women 35-39,90,2257,90.0494,2253,2283,200,cache,2,2026-07-12T18:12:56.197977+00:00
1556160,19,Women 35-39,90,2258,90.0450,2253,2283,200,cache,14,2026-07-12T18:12:56.197977+00:00
407080,19,Women 35-39,90,2259,90.0406,2253,2283,200,cache,23,2026-07-12T18:12:56.197977+00:00
1229096,19,Women 35-39,90,2260,90.0362,2253,2283,200,cache,0,2026-07-12T18:12:56.197977+00:00
1792151,19,Women 35-39,90,2262,90.0273,2253,2283,200,cache,3,2026-07-12T18:12:56.197977+00:00
150892,19,Women 35-39,90,2264,90.0185,2253,2283,200,cache,5,2026-07-12T18:12:56.197977+00:00
1817509,19,Women 35-39,90,2265,90.0141,2253,2283,200,cache,0,2026-07-12T18:12:56.197977+00:00
879357,19,Women 35-39,90,2266,90.0097,2253,2283,200,cache,6,2026-07-12T18:12:56.197977+00:00
465978,19,Women 35-39,90,2267,90.0053,2253,2283,200,cache,8,2026-07-12T18:12:56.197977+00:00
2903536,19,Women 35-39,90,2268,90.0009,2253,2283,200,cache,0,2026-07-12T18:12:56.197977+00:00
1790474,19,Women 35-39,90,2270,89.9921,2253,2283,200,cache,0,2026-07-12T18:12:56.197977+00:00
2985902,19,Women 35-39,90,2271,89.9876,2253,2283,200,cache,0,2026-07-12T18:12:56.197977+00:00
2223891,19,Women 35-39,90,2273,89.9788,2253,2283,200,cache,0,2026-07-12T18:12:56.197977+00:00
645163,19,Women 35-39,90,2275,89.9700,2253,2283,200,cache,0,2026-07-12T18:12:56.197977+00:00
2591813,19,Women 35-39,90,2276,89.9656,2253,2283,200,cache,15,2026-07-12T18:12:56.197977+00:00
545503,19,Women 35-39,90,2277,89.9612,2253,2283,200,cache,5,2026-07-12T18:12:56.197977+00:00
1975593,19,Women 35-39,90,2278,89.9568,2253,2283,200,cache,0,2026-07-12T18:12:56.197977+00:00
524051,19,Women 35-39,90,2279,89.9524,2253,2283,200,cache,4,2026-07-12T18:12:56.197977+00:00
453527,19,Women 35-39,90,2280,89.9480,2253,2283,200,cache,0,2026-07-12T18:12:56.197977+00:00
1616062,19,Women 35-39,90,2281,89.9435,2253,2283,200,cache,0,2026-07-12T18:12:56.197977+00:00
1785796,19,Women 35-39,90,2282,89.9391,2253,2283,200,cache,17,2026-07-12T18:12:56.197977+00:00
2602636,19,Women 35-39,90,2283,89.9347,2253,2283,200,cache,24,2026-07-12T18:12:56.197977+00:00
304717,19,Women 35-39,95,1119,95.0688,1119,1149,200,cache,7,2026-07-12T18:12:56.197977+00:00
1026885,19,Women 35-39,95,1120,95.0644,1119,1149,200,cache,0,2026-07-12T18:12:56.197977+00:00
351639,19,Women 35-39,95,1121,95.0600,1119,1149,200,cache,11,2026-07-12T18:12:56.197977+00:00
4389,19,Women 35-39,95,1122,95.0556,1119,1149,200,cache,0,2026-07-12T18:12:56.197977+00:00
188260,19,Women 35-39,95,1123,95.0512,1119,1149,200,cache,0,2026-07-12T18:12:56.197977+00:00
2782686,19,Women 35-39,95,1124,95.0468,1119,1149,200,cache,30,2026-07-12T18:12:56.197977+00:00
2929043,19,Women 35-39,95,1126,95.0379,1119,1149,200,cache,0,2026-07-12T18:12:56.197977+00:00
2050794,19,Women 35-39,95,1127,95.0335,1119,1149,200,cache,0,2026-07-12T18:12:56.197977+00:00
2718990,19,Women 35-39,95,1128,95.0291,1119,1149,200,cache,0,2026-07-12T18:12:56.197977+00:00
815458,19,Women 35-39,95,1130,95.0203,1119,1149,200,cache,0,2026-07-12T18:12:56.197977+00:00
317504,19,Women 35-39,95,1131,95.0159,1119,1149,200,cache,0,2026-07-12T18:12:56.197977+00:00
1601083,19,Women 35-39,95,1132,95.0115,1119,1149,200,cache,7,2026-07-12T18:12:56.197977+00:00
98679,19,Women 35-39,95,1133,95.0071,1119,1149,200,cache,0,2026-07-12T18:12:56.197977+00:00
962223,19,Women 35-39,95,1134,95.0026,1119,1149,200,cache,0,2026-07-12T18:12:56.197977+00:00
1664694,19,Women 35-39,95,1135,94.9982,1119,1149,200,cache,0,2026-07-12T18:12:56.197977+00:00
2589306,19,Women 35-39,95,1137,94.9894,1119,1149,200,cache,0,2026-07-12T18:12:56.197977+00:00
240101,19,Women 35-39,95,1138,94.9850,1119,1149,200,cache,7,2026-07-12T18:12:56.197977+00:00
1613131,19,Women 35-39,95,1140,94.9762,1119,1149,200,cache,0,2026-07-12T18:12:56.197977+00:00
425816,19,Women 35-39,95,1141,94.9718,1119,1149,200,cache,0,2026-07-12T18:12:56.197977+00:00
1636928,19,Women 35-39,95,1142,94.9674,1119,1149,200,cache,8,2026-07-12T18:12:56.197977+00:00
2053918,19,Women 35-39,95,1143,94.9629,1119,1149,200,cache,7,2026-07-12T18:12:56.197977+00:00
44822,19,Women 35-39,95,1145,94.9541,1119,1149,200,cache,0,2026-07-12T18:12:56.197977+00:00
2658632,19,Women 35-39,95,1146,94.9497,1119,1149,200,cache,0,2026-07-12T18:12:56.197977+00:00
1254050,19,Women 35-39,95,1147,94.9453,1119,1149,200,cache,0,2026-07-12T18:12:56.197977+00:00
1247233,19,Women 35-39,95,1148,94.9409,1119,1149,200,cache,0,2026-07-12T18:12:56.197977+00:00
1558558,19,Women 35-39,99,212,99.0693,212,242,200,cache,0,2026-07-12T18:12:56.197977+00:00
233333,19,Women 35-39,99,213,99.0649,212,242,200,cache,10,2026-07-12T18:12:56.197977+00:00
853560,19,Women 35-39,99,214,99.0605,212,242,200,cache,0,2026-07-12T18:12:56.197977+00:00
2100745,19,Women 35-39,99,215,99.0561,212,242,200,cache,0,2026-07-12T18:12:56.197977+00:00
240322,19,Women 35-39,99,216,99.0517,212,242,200,cache,19,2026-07-12T18:12:56.197977+00:00
2115566,19,Women 35-39,99,217,99.0473,212,242,200,cache,0,2026-07-12T18:12:56.197977+00:00
169047,19,Women 35-39,99,218,99.0429,212,242,200,cache,9,2026-07-12T18:12:56.197977+00:00
414928,19,Women 35-39,99,219,99.0385,212,242,200,cache,0,2026-07-12T18:12:56.197977+00:00
1300446,19,Women 35-39,99,220,99.0341,212,242,200,cache,0,2026-07-12T18:12:56.197977+00:00
730608,19,Women 35-39,99,221,99.0296,212,242,200,cache,4,2026-07-12T18:12:56.197977+00:00
508906,19,Women 35-39,99,222,99.0252,212,242,200,cache,4,2026-07-12T18:12:56.197977+00:00
1410136,19,Women 35-39,99,223,99.0208,212,242,200,cache,8,2026-07-12T18:12:56.197977+00:00
976199,19,Women 35-39,99,224,99.0164,212,242,200,cache,0,2026-07-12T18:12:56.197977+00:00
872900,19,Women 35-39,99,225,99.0120,212,242,200,cache,6,2026-07-12T18:12:56.197977+00:00
1781089,19,Women 35-39,99,227,99.0032,212,242,200,cache,0,2026-07-12T18:12:56.197977+00:00
683245,19,Women 35-39,99,228,98.9988,212,242,200,cache,7,2026-07-12T18:12:56.197977+00:00
2113499,19,Women 35-39,99,229,98.9944,212,242,200,cache,0,2026-07-12T18:12:56.197977+00:00
608555,19,Women 35-39,99,230,98.9899,212,242,200,cache,0,2026-07-12T18:12:56.197977+00:00
2824330,19,Women 35-39,99,231,98.9855,212,242,200,cache,0,2026-07-12T18:12:56.197977+00:00
2360155,19,Women 35-39,99,232,98.9811,212,242,200,cache,0,2026-07-12T18:12:56.197977+00:00
2716055,19,Women 35-39,99,233,98.9767,212,242,200,cache,0,2026-07-12T18:12:56.197977+00:00
724728,19,Women 35-39,99,234,98.9723,212,242,200,cache,7,2026-07-12T18:12:56.197977+00:00
164960,19,Women 35-39,99,236,98.9635,212,242,200,cache,14,2026-07-12T18:12:56.197977+00:00
1330751,19,Women 35-39,99,237,98.9591,212,242,200,cache,7,2026-07-12T18:12:56.197977+00:00
1390916,19,Women 35-39,99,238,98.9547,212,242,200,cache,12,2026-07-12T18:12:56.197977+00:00
2602156,19,Women 35-39,99,239,98.9502,212,242,200,cache,0,2026-07-12T18:12:56.197977+00:00
215510,19,Women 35-39,99,241,98.9414,212,242,200,cache,24,2026-07-12T18:12:56.197977+00:00
190439,19,Women 35-39,99,242,98.9370,212,242,200,cache,8,2026-07-12T18:12:56.197977+00:00
2917061,13,Women 40-44,75,4301,75.0912,4301,4331,200,cache,0,2026-07-12T18:12:56.197977+00:00
2218134,13,Women 40-44,75,4303,75.0797,4301,4331,200,cache,0,2026-07-12T18:12:56.197977+00:00
2611814,13,Women 40-44,75,4304,75.0739,4301,4331,200,cache,0,2026-07-12T18:12:56.197977+00:00
1337485,13,Women 40-44,75,4305,75.0681,4301,4331,200,cache,0,2026-07-12T18:12:56.197977+00:00
319968,13,Women 40-44,75,4306,75.0623,4301,4331,200,cache,6,2026-07-12T18:12:56.197977+00:00
959789,13,Women 40-44,75,4307,75.0565,4301,4331,200,cache,0,2026-07-12T18:12:56.197977+00:00
428353,13,Women 40-44,75,4308,75.0507,4301,4331,200,cache,0,2026-07-12T18:12:56.197977+00:00
75247,13,Women 40-44,75,4309,75.0449,4301,4331,200,cache,14,2026-07-12T18:12:56.197977+00:00
2486271,13,Women 40-44,75,4310,75.0391,4301,4331,200,cache,0,2026-07-12T18:12:56.197977+00:00
1962942,13,Women 40-44,75,4311,75.0333,4301,4331,200,cache,0,2026-07-12T18:12:56.197977+00:00
2640440,13,Women 40-44,75,4312,75.0275,4301,4331,200,cache,11,2026-07-12T18:12:56.197977+00:00
2692842,13,Women 40-44,75,4314,75.0159,4301,4331,200,cache,0,2026-07-12T18:12:56.197977+00:00
2139146,13,Women 40-44,75,4315,75.0101,4301,4331,200,cache,0,2026-07-12T18:12:56.197977+00:00
251018,13,Women 40-44,75,4316,75.0043,4301,4331,200,cache,10,2026-07-12T18:12:56.197977+00:00
808598,13,Women 40-44,75,4317,74.9986,4301,4331,200,cache,0,2026-07-12T18:12:56.197977+00:00
576538,13,Women 40-44,75,4318,74.9928,4301,4331,200,cache,6,2026-07-12T18:12:56.197977+00:00
2948344,13,Women 40-44,75,4319,74.9870,4301,4331,200,cache,0,2026-07-12T18:12:56.197977+00:00
1958507,13,Women 40-44,75,4321,74.9754,4301,4331,200,cache,9,2026-07-12T18:12:56.197977+00:00
103683,13,Women 40-44,75,4322,74.9696,4301,4331,200,cache,10,2026-07-12T18:12:56.197977+00:00
2339900,13,Women 40-44,75,4323,74.9638,4301,4331,200,cache,0,2026-07-12T18:12:56.197977+00:00
2668719,13,Women 40-44,75,4325,74.9522,4301,4331,200,cache,0,2026-07-12T18:12:56.197977+00:00
98483,13,Women 40-44,75,4326,74.9464,4301,4331,200,cache,8,2026-07-12T18:12:56.197977+00:00
2395407,13,Women 40-44,75,4327,74.9406,4301,4331,200,cache,0,2026-07-12T18:12:56.197977+00:00
2963197,13,Women 40-44,75,4328,74.9348,4301,4331,200,cache,0,2026-07-12T18:12:56.197977+00:00
1769167,13,Women 40-44,75,4330,74.9232,4301,4331,200,cache,0,2026-07-12T18:12:56.197977+00:00
1403438,13,Women 40-44,75,4331,74.9175,4301,4331,200,cache,8,2026-07-12T18:12:56.197977+00:00
2808157,13,Women 40-44,80,3438,80.0904,3438,3468,200,cache,0,2026-07-12T18:12:56.197977+00:00
826170,13,Women 40-44,80,3439,80.0846,3438,3468,200,cache,0,2026-07-12T18:12:56.197977+00:00
2470589,13,Women 40-44,80,3440,80.0788,3438,3468,200,cache,1,2026-07-12T18:12:56.197977+00:00
2007110,13,Women 40-44,80,3441,80.0730,3438,3468,200,cache,0,2026-07-12T18:12:56.197977+00:00
486483,13,Women 40-44,80,3442,80.0672,3438,3468,200,cache,6,2026-07-12T18:12:56.197977+00:00
2476376,13,Women 40-44,80,3443,80.0614,3438,3468,200,cache,0,2026-07-12T18:12:56.197977+00:00
2961000,13,Women 40-44,80,3444,80.0556,3438,3468,200,cache,0,2026-07-12T18:12:56.197977+00:00
2224110,13,Women 40-44,80,3445,80.0498,3438,3468,200,cache,0,2026-07-12T18:12:56.197977+00:00
2668464,13,Women 40-44,80,3446,80.0440,3438,3468,200,cache,5,2026-07-12T18:12:56.197977+00:00
1009354,13,Women 40-44,80,3447,80.0382,3438,3468,200,cache,13,2026-07-12T18:12:56.197977+00:00
1370271,13,Women 40-44,80,3448,80.0324,3438,3468,200,cache,4,2026-07-12T18:12:56.197977+00:00
1379958,13,Women 40-44,80,3449,80.0266,3438,3468,200,cache,0,2026-07-12T18:12:56.197977+00:00
2260402,13,Women 40-44,80,3450,80.0209,3438,3468,200,cache,0,2026-07-12T18:12:56.197977+00:00
2316288,13,Women 40-44,80,3451,80.0151,3438,3468,200,cache,24,2026-07-12T18:12:56.197977+00:00
2839682,13,Women 40-44,80,3452,80.0093,3438,3468,200,cache,0,2026-07-12T18:12:56.197977+00:00
2516016,13,Women 40-44,80,3453,80.0035,3438,3468,200,cache,9,2026-07-12T18:12:56.197977+00:00
1220476,13,Women 40-44,80,3454,79.9977,3438,3468,200,cache,0,2026-07-12T18:12:56.197977+00:00
1904401,13,Women 40-44,80,3455,79.9919,3438,3468,200,cache,12,2026-07-12T18:12:56.197977+00:00
2361009,13,Women 40-44,80,3456,79.9861,3438,3468,200,cache,0,2026-07-12T18:12:56.197977+00:00
989152,13,Women 40-44,80,3457,79.9803,3438,3468,200,cache,8,2026-07-12T18:12:56.197977+00:00
2279348,13,Women 40-44,80,3458,79.9745,3438,3468,200,cache,5,2026-07-12T18:12:56.197977+00:00
16891,13,Women 40-44,80,3459,79.9687,3438,3468,200,cache,0,2026-07-12T18:12:56.197977+00:00
1977285,13,Women 40-44,80,3460,79.9629,3438,3468,200,cache,0,2026-07-12T18:12:56.197977+00:00
2950471,13,Women 40-44,80,3461,79.9571,3438,3468,200,cache,0,2026-07-12T18:12:56.197977+00:00
12899,13,Women 40-44,80,3462,79.9513,3438,3468,200,cache,6,2026-07-12T18:12:56.197977+00:00
1988433,13,Women 40-44,80,3463,79.9455,3438,3468,200,cache,12,2026-07-12T18:12:56.197977+00:00
2905702,13,Women 40-44,80,3466,79.9282,3438,3468,200,cache,0,2026-07-12T18:12:56.197977+00:00
1235075,13,Women 40-44,80,3467,79.9224,3438,3468,200,cache,0,2026-07-12T18:12:56.197977+00:00
2254510,13,Women 40-44,80,3468,79.9166,3438,3468,200,cache,27,2026-07-12T18:12:56.197977+00:00
443246,13,Women 40-44,85,2576,85.0837,2575,2605,200,cache,0,2026-07-12T18:12:56.197977+00:00
2827686,13,Women 40-44,85,2577,85.0779,2575,2605,200,cache,1,2026-07-12T18:12:56.197977+00:00
2266066,13,Women 40-44,85,2578,85.0721,2575,2605,200,cache,0,2026-07-12T18:12:56.197977+00:00
34412,13,Women 40-44,85,2579,85.0663,2575,2605,200,cache,0,2026-07-12T18:12:56.197977+00:00
2784637,13,Women 40-44,85,2580,85.0605,2575,2605,200,cache,5,2026-07-12T18:12:56.197977+00:00
2598131,13,Women 40-44,85,2581,85.0547,2575,2605,200,cache,0,2026-07-12T18:12:56.197977+00:00
2390933,13,Women 40-44,85,2582,85.0489,2575,2605,200,cache,0,2026-07-12T18:12:56.197977+00:00
2651710,13,Women 40-44,85,2583,85.0432,2575,2605,200,cache,0,2026-07-12T18:12:56.197977+00:00
2068103,13,Women 40-44,85,2584,85.0374,2575,2605,200,cache,0,2026-07-12T18:12:56.197977+00:00
2014876,13,Women 40-44,85,2585,85.0316,2575,2605,200,cache,0,2026-07-12T18:12:56.197977+00:00
461401,13,Women 40-44,85,2586,85.0258,2575,2605,200,cache,0,2026-07-12T18:12:56.197977+00:00
765103,13,Women 40-44,85,2587,85.0200,2575,2605,200,cache,0,2026-07-12T18:12:56.197977+00:00
107894,13,Women 40-44,85,2590,85.0026,2575,2605,200,cache,0,2026-07-12T18:12:56.197977+00:00
1079733,13,Women 40-44,85,2591,84.9968,2575,2605,200,cache,0,2026-07-12T18:12:56.197977+00:00
1015152,13,Women 40-44,85,2592,84.9910,2575,2605,200,cache,0,2026-07-12T18:12:56.197977+00:00
2064898,13,Women 40-44,85,2593,84.9852,2575,2605,200,cache,0,2026-07-12T18:12:56.197977+00:00
803923,13,Women 40-44,85,2594,84.9794,2575,2605,200,cache,20,2026-07-12T18:12:56.197977+00:00
1992860,13,Women 40-44,85,2595,84.9736,2575,2605,200,cache,32,2026-07-12T18:12:56.197977+00:00
2509374,13,Women 40-44,85,2596,84.9679,2575,2605,200,cache,5,2026-07-12T18:12:56.197977+00:00
2176153,13,Women 40-44,85,2597,84.9621,2575,2605,200,cache,12,2026-07-12T18:12:56.197977+00:00
820285,13,Women 40-44,85,2598,84.9563,2575,2605,200,cache,0,2026-07-12T18:12:56.197977+00:00
1766613,13,Women 40-44,85,2599,84.9505,2575,2605,200,cache,0,2026-07-12T18:12:56.197977+00:00
2174359,13,Women 40-44,85,2600,84.9447,2575,2605,200,cache,4,2026-07-12T18:12:56.197977+00:00
506971,13,Women 40-44,85,2601,84.9389,2575,2605,200,cache,10,2026-07-12T18:12:56.197977+00:00
319043,13,Women 40-44,85,2602,84.9331,2575,2605,200,cache,0,2026-07-12T18:12:56.197977+00:00
697203,13,Women 40-44,85,2603,84.9273,2575,2605,200,cache,7,2026-07-12T18:12:56.197977+00:00
313014,13,Women 40-44,85,2604,84.9215,2575,2605,200,cache,0,2026-07-12T18:12:56.197977+00:00
2506767,13,Women 40-44,85,2605,84.9157,2575,2605,200,cache,0,2026-07-12T18:12:56.197977+00:00
2412216,13,Women 40-44,90,1712,90.0886,1712,1742,200,cache,0,2026-07-12T18:12:56.197977+00:00
824457,13,Women 40-44,90,1713,90.0828,1712,1742,200,cache,0,2026-07-12T18:12:56.197977+00:00
2447630,13,Women 40-44,90,1714,90.0770,1712,1742,200,cache,12,2026-07-12T18:12:56.197977+00:00
1882057,13,Women 40-44,90,1715,90.0713,1712,1742,200,cache,8,2026-07-12T18:12:56.197977+00:00
1675090,13,Women 40-44,90,1716,90.0655,1712,1742,200,cache,0,2026-07-12T18:12:56.197977+00:00
426889,13,Women 40-44,90,1717,90.0597,1712,1742,200,cache,0,2026-07-12T18:12:56.197977+00:00
140300,13,Women 40-44,90,1718,90.0539,1712,1742,200,cache,3,2026-07-12T18:12:56.197977+00:00
1220620,13,Women 40-44,90,1719,90.0481,1712,1742,200,cache,0,2026-07-12T18:12:56.197977+00:00
819517,13,Women 40-44,90,1720,90.0423,1712,1742,200,cache,0,2026-07-12T18:12:56.197977+00:00
2935178,13,Women 40-44,90,1721,90.0365,1712,1742,200,cache,0,2026-07-12T18:12:56.197977+00:00
2968282,13,Women 40-44,90,1722,90.0307,1712,1742,200,cache,0,2026-07-12T18:12:56.197977+00:00
2289351,13,Women 40-44,90,1723,90.0249,1712,1742,200,cache,0,2026-07-12T18:12:56.197977+00:00
1990432,13,Women 40-44,90,1724,90.0191,1712,1742,200,cache,6,2026-07-12T18:12:56.197977+00:00
2086835,13,Women 40-44,90,1725,90.0133,1712,1742,200,cache,0,2026-07-12T18:12:56.197977+00:00
320813,13,Women 40-44,90,1726,90.0075,1712,1742,200,cache,8,2026-07-12T18:12:56.197977+00:00
1878551,13,Women 40-44,90,1727,90.0017,1712,1742,200,cache,9,2026-07-12T18:12:56.197977+00:00
2277806,13,Women 40-44,90,1728,89.9959,1712,1742,200,cache,0,2026-07-12T18:12:56.197977+00:00
1961934,13,Women 40-44,90,1731,89.9786,1712,1742,200,cache,0,2026-07-12T18:12:56.197977+00:00
2255541,13,Women 40-44,90,1732,89.9728,1712,1742,200,cache,3,2026-07-12T18:12:56.197977+00:00
2418984,13,Women 40-44,90,1734,89.9612,1712,1742,200,cache,0,2026-07-12T18:12:56.197977+00:00
843033,13,Women 40-44,90,1735,89.9554,1712,1742,200,cache,0,2026-07-12T18:12:56.197977+00:00
1671126,13,Women 40-44,90,1736,89.9496,1712,1742,200,cache,0,2026-07-12T18:12:56.197977+00:00
2447220,13,Women 40-44,90,1737,89.9438,1712,1742,200,cache,6,2026-07-12T18:12:56.197977+00:00
1555706,13,Women 40-44,90,1738,89.9380,1712,1742,200,cache,0,2026-07-12T18:12:56.197977+00:00
115339,13,Women 40-44,90,1739,89.9322,1712,1742,200,cache,8,2026-07-12T18:12:56.197977+00:00
920211,13,Women 40-44,90,1740,89.9264,1712,1742,200,cache,6,2026-07-12T18:12:56.197977+00:00
2396898,13,Women 40-44,90,1741,89.9206,1712,1742,200,cache,0,2026-07-12T18:12:56.197977+00:00
2651797,13,Women 40-44,90,1742,89.9148,1712,1742,200,cache,0,2026-07-12T18:12:56.197977+00:00
114778,13,Women 40-44,95,849,95.0878,849,879,200,cache,15,2026-07-12T18:12:56.197977+00:00
769318,13,Women 40-44,95,850,95.0820,849,879,200,cache,19,2026-07-12T18:12:56.197977+00:00
994176,13,Women 40-44,95,852,95.0704,849,879,200,cache,0,2026-07-12T18:12:56.197977+00:00
567938,13,Women 40-44,95,854,95.0588,849,879,200,cache,0,2026-07-12T18:12:56.197977+00:00
2474328,13,Women 40-44,95,855,95.0530,849,879,200,cache,0,2026-07-12T18:12:56.197977+00:00
716265,13,Women 40-44,95,856,95.0472,849,879,200,cache,0,2026-07-12T18:12:56.197977+00:00
508635,13,Women 40-44,95,857,95.0414,849,879,200,cache,0,2026-07-12T18:12:56.197977+00:00
691807,13,Women 40-44,95,858,95.0356,849,879,200,cache,0,2026-07-12T18:12:56.197977+00:00
904370,13,Women 40-44,95,859,95.0298,849,879,200,cache,0,2026-07-12T18:12:56.197977+00:00
398675,13,Women 40-44,95,860,95.0240,849,879,200,cache,0,2026-07-12T18:12:56.197977+00:00
432785,13,Women 40-44,95,861,95.0182,849,879,200,cache,7,2026-07-12T18:12:56.197977+00:00
430359,13,Women 40-44,95,862,95.0125,849,879,200,cache,5,2026-07-12T18:12:56.197977+00:00
2653728,13,Women 40-44,95,863,95.0067,849,879,200,cache,0,2026-07-12T18:12:56.197977+00:00
2223919,13,Women 40-44,95,864,95.0009,849,879,200,cache,21,2026-07-12T18:12:56.197977+00:00
2006310,13,Women 40-44,95,866,94.9893,849,879,200,cache,0,2026-07-12T18:12:56.197977+00:00
1669035,13,Women 40-44,95,867,94.9835,849,879,200,cache,0,2026-07-12T18:12:56.197977+00:00
1062825,13,Women 40-44,95,868,94.9777,849,879,200,cache,25,2026-07-12T18:12:56.197977+00:00
2605161,13,Women 40-44,95,869,94.9719,849,879,200,cache,5,2026-07-12T18:12:56.197977+00:00
881236,13,Women 40-44,95,870,94.9661,849,879,200,cache,0,2026-07-12T18:12:56.197977+00:00
2176643,13,Women 40-44,95,871,94.9603,849,879,200,cache,19,2026-07-12T18:12:56.197977+00:00
1090592,13,Women 40-44,95,872,94.9545,849,879,200,cache,8,2026-07-12T18:12:56.197977+00:00
1009036,13,Women 40-44,95,873,94.9487,849,879,200,cache,0,2026-07-12T18:12:56.197977+00:00
267800,13,Women 40-44,95,874,94.9429,849,879,200,cache,5,2026-07-12T18:12:56.197977+00:00
1488676,13,Women 40-44,95,875,94.9371,849,879,200,cache,18,2026-07-12T18:12:56.197977+00:00
2615229,13,Women 40-44,95,876,94.9314,849,879,200,cache,0,2026-07-12T18:12:56.197977+00:00
1833329,13,Women 40-44,95,877,94.9256,849,879,200,cache,0,2026-07-12T18:12:56.197977+00:00
987099,13,Women 40-44,95,879,94.9140,849,879,200,cache,0,2026-07-12T18:12:56.197977+00:00
758329,13,Women 40-44,99,158,99.0905,158,188,200,cache,10,2026-07-12T18:12:56.197977+00:00
692951,13,Women 40-44,99,159,99.0847,158,188,200,cache,0,2026-07-12T18:12:56.197977+00:00
1616666,13,Women 40-44,99,160,99.0790,158,188,200,cache,9,2026-07-12T18:12:56.197977+00:00
152212,13,Women 40-44,99,162,99.0674,158,188,200,cache,10,2026-07-12T18:12:56.197977+00:00
107798,13,Women 40-44,99,163,99.0616,158,188,200,cache,8,2026-07-12T18:12:56.197977+00:00
994681,13,Women 40-44,99,164,99.0558,158,188,200,cache,6,2026-07-12T18:12:56.197977+00:00
1571129,13,Women 40-44,99,165,99.0500,158,188,200,cache,12,2026-07-12T18:12:56.197977+00:00
1700045,13,Women 40-44,99,166,99.0442,158,188,200,cache,0,2026-07-12T18:12:56.197977+00:00
103915,13,Women 40-44,99,167,99.0384,158,188,200,cache,0,2026-07-12T18:12:56.197977+00:00
905522,13,Women 40-44,99,168,99.0326,158,188,200,cache,0,2026-07-12T18:12:56.197977+00:00
29802,13,Women 40-44,99,169,99.0268,158,188,200,cache,8,2026-07-12T18:12:56.197977+00:00
442536,13,Women 40-44,99,170,99.0210,158,188,200,cache,0,2026-07-12T18:12:56.197977+00:00
548574,13,Women 40-44,99,171,99.0152,158,188,200,cache,0,2026-07-12T18:12:56.197977+00:00
1487939,13,Women 40-44,99,172,99.0094,158,188,200,cache,0,2026-07-12T18:12:56.197977+00:00
490196,13,Women 40-44,99,173,99.0036,158,188,200,cache,0,2026-07-12T18:12:56.197977+00:00
1013322,13,Women 40-44,99,175,98.9921,158,188,200,cache,4,2026-07-12T18:12:56.197977+00:00
233654,13,Women 40-44,99,176,98.9863,158,188,200,cache,0,2026-07-12T18:12:56.197977+00:00
1828656,13,Women 40-44,99,177,98.9805,158,188,200,cache,0,2026-07-12T18:12:56.197977+00:00
121919,13,Women 40-44,99,179,98.9689,158,188,200,cache,0,2026-07-12T18:12:56.197977+00:00
1206254,13,Women 40-44,99,180,98.9631,158,188,200,cache,0,2026-07-12T18:12:56.197977+00:00
1618384,13,Women 40-44,99,181,98.9573,158,188,200,cache,7,2026-07-12T18:12:56.197977+00:00
7043,13,Women 40-44,99,183,98.9457,158,188,200,cache,0,2026-07-12T18:12:56.197977+00:00
7074,13,Women 40-44,99,184,98.9399,158,188,200,cache,0,2026-07-12T18:12:56.197977+00:00
32676,13,Women 40-44,99,185,98.9341,158,188,200,cache,0,2026-07-12T18:12:56.197977+00:00
512805,13,Women 40-44,99,186,98.9283,158,188,200,cache,0,2026-07-12T18:12:56.197977+00:00
236786,13,Women 40-44,99,187,98.9226,158,188,200,cache,3,2026-07-12T18:12:56.197977+00:00
910984,13,Women 40-44,99,188,98.9168,158,188,200,cache,0,2026-07-12T18:12:56.197977+00:00
